Name_AR,Name_EN,Price,Brand_AR,Category_AR,Sub_Category_AR,Active_Ingredient,Requires_Fridge,Indications,Dosage
بلاستر جراحى كيور ايد 1000 قطعة طويل,Plaster (1000 Pieces) Cure-Aid Straight,1,N/A,الأجهزة والمستلزمات الطبية,العناية بالجروح والحروق,N/A,No,,
وايت مناديل للجيب 10 مناديل,White Pocket 10 Tissues,2.5,وايت,العناية اليومية,مناديل & ورقيات,N/A,No,,
سرنجة بدون الم 3 سم,Painless Syring 3 Cm,3,N/A,الأجهزة والمستلزمات الطبية,كانيولا و سرنجات,N/A,No,,
ماء مذيب 5 مل,Solvent Water 5 ml,2.5,N/A,الأدوية,الأدوية المتخصصة,N/A,No,,
سرنجة كبار 3 سم,Syringe For Adult 3 Cm,3,N/A,الأجهزة والمستلزمات الطبية,كانيولا و سرنجات,N/A,No,,
"ماسكو 5 سم, سرنجة دواء",Masco 5 Cm Syringe For Oral Syrup,5,ماسكو ميد,الأجهزة والمستلزمات الطبية,كانيولا و سرنجات,N/A,No,,
سرنجة كبار 10 سم,Syringe For Adult 10 Cm,5,N/A,الأجهزة والمستلزمات الطبية,كانيولا و سرنجات,N/A,No,,
سرنجة كبار 5 سم,Syringe For Adult 5 Cm,3,N/A,الأجهزة والمستلزمات الطبية,كانيولا و سرنجات,N/A,No,,
ماء مذيب 50 مل,Solvent Water 50 ml,2,N/A,الأدوية,الأدوية المتخصصة,N/A,No,,
كونترولوك 40 مجم 14 قرص,Controloc 40 mg 14 Gastro-Resistant Tablets,188,أسينو,الأدوية,مضادات الحموضة و قرحة المعدة,بانتوبرازول,No,العلاج قصير الأمد لأعراض الارتجاع الحمضي لدى البالغين علاج مرض الارتجاع المعدي المريئي (GERD) علاج قرحة الاثني عشر والمعدة علاج متلازمة زولينجر إيليسون وغيرها من الحالات المرضية ذات الإفراز المفرط,البالغون: قرص واحد (40 مليجرام) مرة واحدة يوميًا يمكن زيادة الجرعة إلى قرصين (80 مليجرام) مرة واحدة يوميًا للمرضى الأفراد أو للحالات الأكثر شدة
دوليبران 1000 مجم 20 قرص,Doliprane 1000 mg 20 Tablets,60,سانوفى,الأدوية,مسكنات وخافض الحرارة,باراسيتامول,No,يخفف الألم يقلل من الحمى مناسب للبالغين والأطفال,قرص واحد لكل جرعة
ديوراميد غيار جروح غير منسوج عالي الأمتصاص 10/10 سم,"Duramid Wound Dressing, Highly Absorbent, 10/10 Cm",8,ماسكو ميد,الأجهزة والمستلزمات الطبية,العناية بالجروح والحروق,N/A,No,,
بابيا مناديل ناعمة للوجه 4 طبقات 500 منديل,Papia Silky Softness 4Ply Tissues 500 Tissues,39,بابيا,العناية اليومية,مناديل & ورقيات,N/A,No,,
ماسكو جهاز نقل محاليل,Masco Infusion Set,15,ماسكو ميد,الأجهزة والمستلزمات الطبية,جهاز محاليل,N/A,No,,
صوديوم كلوريد 0.9% محلول للحقن الوريدي 500 مل بغطاء (انترا فارما),Sodium Chloride 0.9% Intravenous Infusion 500 ml With Cap (Intra Pharm),29.5,انترا فارم,الأدوية,الأدوية المتخصصة,N/A,No,محلول للحقن عن طريق الوريد لاستعادة توازن الإلكتروليت، وعلاج الجفاف، وتخفيف أو حقن الأدوية.,يتم تحديد الجرعة بناءً على حالة المريض، ومتطلبات السوائل، والحالة الطبية الأساسية. عادة ما يتم التحكم في معدل التسريب من قبل أخصائي الرعاية الصحية.
دكتور إيد بلاستر دائري 100 قطعة,Doctor Aid Sheer Spots 100 Spots,1,N/A,الأجهزة والمستلزمات الطبية,العناية بالجروح والحروق,N/A,No,,
في دروب 2800 وحدة دولية/مل نقط بالفم 15 مل,Vidrop Oral Drops 15 ml,26,شركة المهن الطبية,العناية بصحة الأطفال,فيتامين د,N/A,No,,
بيور كحول ايثيلي 70% 70 مل,Pure Ethyl Alcohol 70% 70 ml,30,بيور,العناية اليومية,مطهرات,N/A,No,,
فاين مناديل للجيب معقمة 10 مناديل,Fine Sterilized Pocket Tissue 10 Tissues,3,فاين,العناية اليومية,مناديل & ورقيات,N/A,No,,
ألفينترن 30 قرص,Alphintern 30 Tablets,87,امون,الأدوية,مضادات الالتهاب و التورم,N/A,No,تقليل الالتهاب والتورم المرتبط بالعديد من الحالات، بما في ذلك: التهاب الجيوب الأنفية التهاب البلعوم التهاب اللوزتين التهاب الأذن الوسطى التهاب اللثة التهاب الشعب الهوائية جراحة الساد الوذمة والكدمات بعد الجراحة الالتواءات والشد العضلي التهاب المفاصل التهاب الضرع التهاب المستقيم,البالغون والأطفال فوق 12 عامًا: 1-2 قرص 3 مرات يوميًا قبل الوجبات.
لاصقات عين للأطفال,Eye Patch For Children,1.5,N/A,الأجهزة والمستلزمات الطبية,غطاء العين,N/A,No,,
كيور ايد لاصقات هيدروكولويد 24 قطعة,Cure Aid Hydrocolloid Spots For Acne & Cold Sores 24 Pieces,50,N/A,العناية بالبشرة و الجسم,العناية بحب الشباب,N/A,No,,
لاصقات عين للكبار,Eye Patch For Adults,1.5,N/A,الأجهزة والمستلزمات الطبية,غطاء العين,N/A,No,,
بانادول أدفانس 500 مجم 48 قرص مغلف,Panadol Advance 500 mg 48 Film Coated Tablets,92,جي إس كيه,الأدوية,مسكنات وخافض الحرارة,باراسيتامول,No,تخفيف الألم وتقليل الحمى.,قد تختلف الجرعة استنادًا إلى العوامل الفردية وتوجيهات الطبيب. لا تتجاوز الجرعة الموصى بها لتجنب الآثار الجانبية المحتملة.
ميلجا أدفانس 30 قرص,Milga Advance 30 Tablets,150,ايفا فارما,فيتامينات & طعام صحي,فيتامين ب وب مركب,N/A,No,يدعم صحة الأعصاب يساعد في إدارة العصب السكري يعزز الصحة العامة,
اوجمنتين 1 جم 14 قرص,Augmentin 1 gm 14 Film Coated Tablets,210,جي إس كيه,الأدوية,مضادات حيوية,أموكسيسيلين + حمض الكلافولانيك,No,مضاد حيوي يحتوي على أموكسيسيلين وحمض كلافولانيك يستخدم لعلاج الالتهابات البكتيرية,البالغين: قرص كل 12 ساعة الأطفال: الجرعة تعتمد على العمر والوزن
ميكستارد 30 100 وحدة دولية/مل 10 مل 1 فيال,Mixtard 30 100 I.U./ml 10 ml 1 Vial,130,نوفو نورديسك,الأدوية,الانسولين,الأنسولين البشري + الأنسولين الإيزوفان البروتامين البشري,Yes,,
أوتريفين نقط للأنف للكبار 15مل,Otrivin Nasal Drops For Adult 15 ml,24,جي إس كيه,الأدوية,مضادات الاحتقان و الجيوب الأنفية,زايلوميتازولين,No,التخفيف المؤقت من احتقان الأنف الناتج عن نزلات البرد العادية وحمى القش (التهاب الأنف التحسسي) والتهابات الجيوب الأنفية.,2-3 قطرات في كل فتحة أنف، حتى 3 مرات في اليوم. لا تستخدمه لأكثر من 7 أيام دون استشارة الطبيب.
سرنجة اطفال 3 سم,Syringe For Children 3 Cm,3,N/A,الأجهزة والمستلزمات الطبية,كانيولا و سرنجات,N/A,No,,
أوستيوكير 30 قرص,Osteocare 30 Tablets,180,فيتابيوتكس,فيتامينات & طعام صحي,معادن متعددة,N/A,No,,
فاين فلافي مناديل بيضاء معقمة للوجه 480 منديل,Fine Fluffy White Sterilized Tissues 480 Tissues,34,فاين,العناية اليومية,مناديل & ورقيات,N/A,No,,
ميثيل تكنو 1000 مكجم 30 فيلم قابل للذوبان بالفم,Methyltechno 1000 mcg 30 Oral Films,135,نيرهادو,فيتامينات & طعام صحي,فيتامين ب وب مركب,N/A,No,مكمل غذائي يحتوي على ميثيل كوبالامين، وهو أحد أشكال فيتامين ب12.,
بلافيكس 75 مجم 28 قرص مغلف,Plavix 75 mg 28 Film Coated Tablets,311,سانوفى,الأدوية,أمراض القلب و الضغط و الدم,كلوبيدوغريل,No,عامل مضاد للتجلط يستخدم عقار كلوبيدوجريل لمنع تكون جلطات الدم في الأوعية الدموية المتصلبة (الشرايين). يستخدم عقار كلوبيدوجريل أيضًا لتقليل خطر الإصابة بالسكتة الدماغية والنوبات القلبية والوفاة لدى الأشخاص الذين أصيبوا بنوبة قلبية أو سكتة دماغية أو الذين يعانون من مرض الشرايين المحيطية (PAD).,75 مليجرام مرة واحدة يومياً
كليكسان 4000 وحدة دولية (40 مجم)/0.4 مل 2 سرنجة مملوءة مسبقًا,Clexane 4000 I.U. (40 mg)/0.4 ml 2 Pre-Filled Syringes,311,سانوفى,الأدوية,أمراض القلب و الضغط و الدم,إنوكسابارين الصوديوم,No,يمنع جلطات الدم يحتوي على إنوكسابارين الصوديوم، وهو عبارة عن هيبارين منخفض الوزن الجزيئي,حسب توجيهات الطبيب
بانادول إكسترا مع تركيبة الأوبتيزورب 24 قرص مغلف,Panadol Extra With Opti Zorb Formulation 24 Film Coated Tablets,58,جي إس كيه,الأدوية,مسكنات وخافض الحرارة,باراسيتامول + كافيين,No,,
اسبرين بروتكت 100 مجم 30 قرص ذات كسوة معوية,Aspirin Protect 100 mg 30 Enteric Coated Tablets,78,باير,الأدوية,أمراض القلب و الضغط و الدم,حمض الأسيتيل ساليسيليك,No,,
ديوراميد غيار جروح غير منسوج عالي الأمتصاص 20/10 سم,"Duramid Wound Dressing, Highly Absorbent, 10/20 Cm",12,ماسكو ميد,الأجهزة والمستلزمات الطبية,العناية بالجروح والحروق,N/A,No,,
سيتال 250 مجم / 5 مل شراب معلق 60 مل,Cetal 250 mg/5 ml Suspension 60 ml,31,إيبيكو,العناية بصحة الأطفال,مسكنات وخافض الحرارة,باراسيتامول,No,,تعتمد الجرعة على عمر ووزن المريض. اتبع توصيات أخصائي الرعاية الصحية.
بيكولاكس نقط بالفم 15 مل,Picolax 0.75% Oral Drops 15 ml,24,إيبيكو,الأدوية,الملينات,صوديوم بيكوسلفات,No,تخفيف الإمساك تنظيف الأمعاء قبل الجراحة أو غيرها من الإجراءات الطبية,البالغين والأطفال الذين تزيد أعمارهم عن 10 سنوات: خذ 10-18 قطرات (1.5-3 مل) في وقت النوم. الأطفال من 6 إلى 10 سنوات: خذ 5-9 قطرات (0.75-1.5 مل) في وقت النوم.
ليمتلس اوميجا -3 فيش اويل 2000 مجم 30 كبسولة جيلاتينية,Limitless Omega-3 Fish Oil 30 Capsules,250,ليمتلس,فيتامينات & طعام صحي,"زيوت الأسماك وأوميجا 3,6.9",N/A,No,,
كونكور 5 مجم 30 قرص مغلف,Concor 5 mg 30 Film Coated Tablets,72,ميرك,الأدوية,أمراض القلب و الضغط و الدم,بيسوبرولول,No,علاج ارتفاع ضغط الدم (ارتفاع ضغط الدم). علاج الذبحة الصدرية المستقرة المزمنة. منع الإصابة المتكررة بالذبحة الصدرية. علاج قصور القلب.,الجرعة المبدأية المعتادة هي 2.5 مليجرام مرة واحدة يوميًا. يمكن زيادة هذه الجرعة تدريجيًا، حسب الحاجة، إلى حد أقصى قدره 20 مليجرام مرة واحدة يوميًا.
كانيولا مقاس 24 لون اصفر,Cannula Size 24 Yellow,13,N/A,الأجهزة والمستلزمات الطبية,كانيولا و سرنجات,N/A,No,,
سبازموديجستين 30 قرص,Spasmodigestin 30 Tablets,78,فاركو,الأدوية,مضاد للتقلصات,ديسيكلومين هيدروكلوريد + باباين + بانكرياتين + سيميثكون,No,متلازمة القولون العصبي (IBS) القولون العصبي تقلصات البطن,
جاناتون 50 مجم 30 قرص,Ganaton 50 mg 30 Tablets,90,أبوت,الأدوية,مهضم ومضاد للانتفاخات,أيتوبريد,No,جاناتون هو دواء يستخدم لعلاج مجموعة متنوعة من حالات الجهاز الهضمي ، بما في ذلك خزل المعدة ومتلازمة القولون العصبي وعسر الهضم الوظيفي. يعمل عن طريق زيادة حركة الطعام عبر المعدة والأمعاء.,الجرعة المعتادة للبالغين هي 1 قرص عن طريق الفم قبل 30 دقيقة من وجبات الطعام.
بروفين 100 مجم/5 مل شراب 150 مل,Brufen 100 mg/5 ml Syrup 150 ml,44,أبوت,العناية بصحة الأطفال,مسكنات وخافض الحرارة,N/A,No,دواء خافض للحرارة ومسكن ومضاد للالتهابات للأطفال لتخفيف الألم وخفض الحمى وتخفيف الالتهاب.,
بيتاديرم كريم 0.1% 30 جم,Betaderm 0.1% Cream 30 gm,23,إيبيكو,الأدوية,ملطف موضعي و مضاد للالتهاب,بيتاميثازون,No,علاج مجموعة متنوعة من حالات الجلد، بما في ذلك الإكزيما والصدفية والتهاب الجلد والحساسية والطفح الجلدي. الحد من التهاب الجلد والحكة والاحمرار.,ضع طبقة رقيقة من الكريم على المنطقة المصابة مرة أو مرتين يوميًا.
ديفلوكان 150 مجم 1 كبسولة,Diflucan 150 mg 1 Capsule,111,فايزر,الأدوية,مضاد للفطريات,فلوكونازول,No,مضاد للفطريات يعالج مجموعة متنوعة من الالتهابات الفطرية، بما في ذلك عدوى الخميرة المهبلية والدودة الحلقية وقدم الرياضي مناسب للبالغين والأطفال الذين تزيد أعمارهم عن 12 عامًا,البالغون: 150 مجم مرة واحدة يوميًا لمدة 1-7 أيام الأطفال الذين تزيد أعمارهم عن 12 عامًا: 150 مجم مرة واحدة يوميًا لمدة 1-7 أيام
أوبليكس إن شراب 125 مل,Oplex - N Syrup 125 ml,31,العامرية,الأدوية,أدوية الكحة,جوايفينيسين + أوكسوميمازين + بنزوات الصوديوم,No,علاج السعال الجاف والسعال الرطب، بما في ذلك السعال الناتج عن الحساسية والمهيجات.,
وايت واتر مناديل مبللة 50 منديل,White Water Wipes 50 Wipes,35,وايت,العناية اليومية,مناديل & ورقيات,N/A,No,تنظيف الأوساخ وتغيير الحفاضات وإنعاش البشرة (الوجه والجسم).,
كيناكومب كريم موضعي 15 جرام,Kenacomb Topical Cream 15 gm,36,سميث كلاين بيتشام,الأدوية,عدوى الجلد,جراميسيدين + نيومايسين + نيستاتين + تريامسينولون,No,هو مزيج من الستيرويد المضاد للالتهابات، مضاد الحيوي والمضاد للفطريات. يستخدم لعلاجحالات الجلد الملتهبة، المصابة بالعدوى، أو المعرضة للإصابة بالعدوى.,جرعة كريم كيناكومب الموضعي ستختلف اعتمادًا على خطورة الحالة المعالجة. من المهم اتباع التعليمات الموجودة على العبوة أو استشارة محترف في الرعاية الصحية قبل استخدام هذا الدواء.
سيفوتاكس 1 جم 1 فيال,Cefotax 1 gm Vial,43,إيبيكو,الأدوية,مضادات حيوية,سيفوتاكسيم,No,السيفوتاكسيم هو مضاد حيوي من الجيل الثالث من السيفالوسبورين. إنه مضاد حيوي طيف واسع، مما يعني أنه يمكن أن يقتل مجموعة واسعة من البكتيريا.,تعتمد الجرعة على شدة العدوى وعلى عمر المريض ووزنه وتاريخه الطبي. تعتمد الجرعة للأطفال على وزن الطفل.
سرنجة انسولين 100 وحدة,Syringe Insulin 100 Units,4,N/A,الأجهزة والمستلزمات الطبية,كانيولا و سرنجات,N/A,No,,
كلوريد البوتاسيوم 15%  مركز للحقن دستور الأدوية الأمريكي 2023 5 مل 1 أمبول,Potassium Chloride 15% For Injection Concentrate USP 2023 5 ml 1 Ampoule,5,اوتسوكا,الأدوية,الأدوية المتخصصة,N/A,No,,
زيرتك 10 مجم 20 قرص,Zyrtec 10 mg 20 Tablets,100,جي إس كيه,الأدوية,أدوية تسبب النعاس,سيتيريزين,No,تخفيف أعراض الحساسية مثل العطس وسيلان الأنف وحكة العين والقشعريرة.,قرص واحد مرة واحدة يوميًا للبالغين والأطفال فوق 6 سنوات.
ديرماتول غيار جروح غير لاصق/ شاش فازلين 10/10 سم,"Dermatol Non-Adhesive Dressing, Vaseline Gauze 10/10Cm",8,ماسكو ميد,الأجهزة والمستلزمات الطبية,العناية بالجروح والحروق,N/A,No,,
أوميجا 3 بلس 30 كبسولة جيلاتينية رخوة,Omega -3 Plus 30 Soft Gelatin Capsules,135,سيدكو,فيتامينات & طعام صحي,"زيوت الأسماك وأوميجا 3,6.9",N/A,No,,
فاستاريل ام ار 35 مجم 30 قرص,Vastarel MR 35 mg 30 Modified Release Film Coated Tablets,175,سيرفير,الأدوية,أمراض القلب و الضغط و الدم,تريميتازدين,No,العلاج التنظيمي لألم الصدر (الذبحة الصدرية) في المرضى ذوي الذبحة الصدرية الثابتة.,للبالغين: 35 مجم مرتين يوميًا. قد تكون هناك حاجة لتعديل الجرعة استنادًا إلى استجابة وتحمل المريض الفردي.
دوفالاك 667 مجم/1 مل شراب 200 مل,Duphalac 667 mg/1ml 200 ml Syrup,143,أبوت,الأدوية,الملينات,لاكتولوز,No,الإمساك. داء تلف الكبد والمخمليات (PSE). تليين البراز في مرضى البواسير والشقوق الشرجية والقنوات والخراجات الشرجية والقرح الوحيدة وفي الفترة ما بعد الجراحة في منطقة الشرج والمستقيم.,الإمساك: البالغين والأطفال فوق سن 6 سنوات: 15-30 مل مرة واحدة يوميًا. الأطفال دون سن 6 سنوات: 5-15 مل مرة واحدة يوميًا. داء تلف الكبد والمخمليات (PSE): البالغين: 30-60 مل ثلاث مرات يوميًا. الأطفال: 15-30 مل ثلاث مرات يوميًا. تليين البراز: البالغين والأطفال: 10-20 مل مرة واحدة يوميًا.
"فيروجلوبين بي 12, 30 كبسولة",Feroglobin 30 Capsules,210,فيتابيوتكس,فيتامينات & طعام صحي,حديد,N/A,No,,
كونجستال 20 قرص,Congestal 20 Tablets,50,سيجما فارما,الأدوية,أدوية نزلات البرد والانفلونزا,كلورفينيرامين + باراسيتامول + سودوإيفيدرين,No,دواء يباع دون وصفة طبية تخفيف أعراض الزكام والإنفلونزا.,قرص واحد كل 4 ساعات، ولا يجب تجاوز أربعة أقراص في 24 ساعة.
إيفا أسيتون مزيل طلاء الأظافر خالي من العطور 100 مل,Eva Acetone Fragrance Free 100 ml,50,إيفا مستحضرات التجميل,منتجات التجميل و الاكسسوارات,مزيل طلاء الأظافر,N/A,No,,
ديكانست اس ار 20 قرص,Decancit SR 20 Tablets,42,ابيكس فارما,الأدوية,مضادات الاحتقان و الجيوب الأنفية,السيتريزين + السودوإيفيدرين,No,"علاج أو منع أعراض الحساسية، مثل: احتقان الأنف العطس سيلان الأنف حكة في الأنف أو الحلق أو العيون الدامعة , الحكة والاحمرار.",البالغين والأطفال بعمر 12 سنة فما فوق: قرص واحد كل 12 ساعة لا تتناول أكثر من قرصين خلال 24 ساعة
أنتينال 200 مجم 24 كبسولة,Antinal 200 mg 24 Capsules,52,امون,الأدوية,علاج الاسهال,نيفوروكسازيد,No,دواء مضاد للعدوى يستخدم لعلاج الإسهال الناتج عن الجراثيم، حيث يعمل على قتل البكتيريا التي تسبب الإسهال.,للبالغين والأطفال الذين يزيد عمرهم عن 12 عامًا: تناول كبسولة واحدة عن طريق الفم 4 مرات يوميًا لمدة 3 أيام. للأطفال الذين تقل أعمارهم عن 12 عامًا: يتم تحديد الجرعة استنادًا إلى الوزن ويجب تحديدها من قبل الطبيب.
فيبراميسين 100 مجم 10 كبسولات,Vibramycin 100 mg 10 Capsules,65,فايزر,الأدوية,مضادات حيوية,دوكسيسيكلين,No,الدوكسيسيكلين هو مضاد حيوي واسع الطيف يستخدم لعلاج مجموعة متنوعة من الالتهابات البكتيرية ، بما في ذلك حب الشباب والتهابات الجهاز التمثائلي ومرض لايم.,خذ 1 كبسولة عن طريق الفم كل 12 ساعة.
ديمرا 20 قرص,Dimra 20 Tablets,70,أكتوبر فارما,الأدوية,مسكن و باسط للعضلات,ديكلوفيناك البوتاسيوم+الميثوكاربامول,No,الألم والالتهاب الناتج عن التهاب المفاصل الروماتويدي والتهاب المفاصل العظمي والتهاب الفقار المقسط والنقرص. إصابات الأنسجة اللينة ، مثل الالتواءات والإجهادات. آلام الظهر. تقلصات الحيض. الصداع. وجع الأسنان.,1 إلى 2 قرص كل 6 إلى 8 ساعات حسب الحاجة. لا تتجاوز 3 أقراص يوميًا.
ديكساميثازون 8 مجم / 2 مل 3 أمبولات (أميرية),Dexamethasone 3 Ampoules (Amirya),36,العامرية,الأدوية,هرمون الكورتيزون,ديكساميثازون,No,ردود فعل تحسسية شديدة نقص الغدة الكظرية الأمراض المناعية الذاتية السرطان التهاب شديد,ستختلف الجرعة للديكساميثازون اعتمادًا على الحالة المعالجة واستجابة المريض الفردية. بالنسبة للبالغين، الجرعة النموذجية للبداية تتراوح من 4 إلى 20 مليجرام يوميًا. يمكن تعديل الجرعة أعلى أو أدنى اعتمادًا على استجابة المريض.
نيزابكس شامبو 80 مل,Nizapex Shampoo 80 ml,68,ابيكس فارما,الأدوية,عدوى الجلد,كيتوكونازول,No,علاج قشرة الرأس علاج tinea versicolor (Sun Fungus) علاج التهابات الفطرية الأخرى للجلد,البالغين والأطفال أكثر من 12 عامًا: تقدم بتقدم مرتين في الأسبوع لمدة 2-4 أسابيع ، أو حسب توجيهات طبيبك.
لوسترال 50 مجم 20 قرص,Lustral 50 mg 20 Film Coated Tablets,136,فايزر,الأدوية,علاجات الاكتئاب والفصام,سيرترالين,No,دواء يوصف بوصفة طبية ويستخدم لعلاجاضطراب الاكتئاب الكبير، اضطراب الوسواس القهري، اضطراب الهلع، اضطراب القلق الاجتماعي، واضطراب ما بعد الصدمة.,سوف تختلف الجرعة من فرد لاخر تبعا لاحتياجات المريض. ومن المهم اتباع تعليمات الطبيب عند تناول هذا الدواء.
بروفين 600 مجم 30 قرص,Brufen 600 mg 30 Tablets,99,أبوت,الأدوية,مسكنات وخافض الحرارة,ايبوبروفين,No,مسكن للألم مخفض للحمى مضاد التهاب,تناول قرص واحد عن طريق الفم كل 4-6 ساعات حسب الحاجة.
كاتافاست 50 مجم 9 اكياس,Catafast 50 mg 9 Sachets,72,نوفارتس,الأدوية,مسكنات وخافض الحرارة,ديكلوفيناك البوتاسيوم,No,مسكن للألم مضاد التهابات مضاد للحمى,50 مليجرام لكل كيس
سيتال 100 مجم/مل نقط فموية 15 مل,Cetal 100 mg/ml Oral Drops 15 ml,23,إيبيكو,العناية بصحة الأطفال,مسكنات وخافض الحرارة,باراسيتامول,No,الحمى الصداع آلام العضلات آلام الأسنان أعراض الزكام والإنفلونزا العادية,الأطفال تحت سن 6 شهور: 10 مليجرام/كجم كل 4-6 ساعات (الحد الأقصى للجرعات 5 مرات يوميًا). الأطفال من 6-12 شهرًا: 15 مليجرام/كجم كل 4-6 ساعات (الحد الأقصى للجرعات 5 مرات يوميًا). الأطفال من سنة إلى سنتين: 20 مليجرام/كجم كل 4-6 ساعات (الحد الأقصى للجرعات 5 مرات يوميًا). الأطفال من 3-5 سنوات: 25 مليجرام/كجم كل 4-6 ساعات (الحد الأقصى للجرعات 5 مرات يوميًا). الأطفال من 6-12 سنة: 30 مليجرام/كجم كل 4-6 ساعات (الحد الأقصى للجرعات 5 مرات يوميًا). البالغين: 500 مليجرام كل 4-6 ساعات (الحد الأقصى للجرعات 4 جرام يوميًا).
زوركال 40 مجم 28 قرص مقاوم للعصارة المعدية,Zurcal 40 mg 28 Gastro Resistant Tablets,192,ايه يو جي فارما,الأدوية,مضادات الحموضة و قرحة المعدة,بانتوبرازول,No,علاج قرحة المعدة والوقاية منها علاج حرقة ومرض الجزر الحمضي (GERD) علاج متلازمة Zollinger-Ellison ، وهي حالة تسبب المعدة لإنتاج الكثير من الحمض القضاء على هليكوباكتر بيلوري (H. pylori) ، وهو نوع من البكتيريا التي يمكن أن تسبب قرحة المعدة,قرص واحد مرة واحدة يوميا
بانادول لعلاج نزلات البرد الحادة 20 قرص مغلف,Panadol Acute Head Cold 20 Film Coated Tablets,62,N/A,الأدوية,أدوية نزلات البرد والانفلونزا,برومفينيرامين + باراسيتامول + بسودوإفيدرين,No,تخفيف الأعراض المصاحبة لنزلات البرد الحادة، بما في ذلك احتقان الأنف والصداع والحمى وآلام الجيوب الأنفية.,
سيدوفاج 500 مجم 10 أقراص,Cidophage 500 mg 10 Tablets,11,سيد,الأدوية,أدوية مرض السكري,ميتفورمين,No,تُستخدم لعلاج السكري من النوع 2 خفض مستويات السكر في الدم الحد من مخاطر الإصابة بمضاعفات السكري، مثل أمراض القلب والسكتة الدماغية وأمراض الكلى,الجرعة العادية في البداية هي 500 مليجرام أو 850 مليجرام مرتين يوميًا. يمكن زيادة الجرعة تدريجيا حتى تصبح مستويات السكر في الدم تحت السيطرة.
كارباميد كريم 30 جم,Carbamide Cream 30 gm,40,ممفيس,العناية بالبشرة و الجسم,مرطبات الجسم,N/A,No,,
كتافلام 50 مجم 20 قرص,Cataflam 50 mg 20 Tablets,86,نوفارتس,الأدوية,مسكنات وخافض الحرارة,ديكلوفيناك البوتاسيوم,No,دواء مضاد للالتهابات غير ستيرويدي (NSAID) مسكن للألم مضاد للحمى,تناول 1 قرص عن طريق الفم كل 4 إلى 6 ساعات.
راني اف 20 مجم 6 اكياس,Rani-F 20 mg 6 Sachets,42,فاركو,الأدوية,مضادات الحموضة و قرحة المعدة,N/A,No,دواء يصرف بوصفة طبية يُستخدم لعلاج حرقة المعدة والاضطرابات الهضمية وقرحة المعدة,
مالتي فارما كحول إيثيلي 70% 120 مل,Multi Pharma Ethyl Alcohol 70% 120 ml,45,N/A,العناية بالبشرة و الجسم,معقم لليدين,N/A,No,,
فورتم 1 جم 1 فيال,Fortum 1 gm 1 Vial,106,جي إس كيه,الأدوية,مضادات حيوية,سيفتازيديم,No,مضاد حيوي من الجيل الثالث واسع المجال من مضادات السيفالوسبورين. يُستخدم لعلاج مجموعة متنوعة من العدوى البكتيرية، بما في ذلك الالتهاب الرئوي، والعدوى النسائية، والالتهابات العظمية والمفصلية، والتسمم الدموي.,البالغين: 1-2 جم عن طريق الوريد كل 8 ساعات الأطفال: 30-50 مليجرام/كجم عن طريق الوريد كل 8 ساعات
ليمتلس باور ماكس 30 قرص مغلف,Limitless Power Max 30 Film Coated Tablets,310,ليمتلس,الصحة الجنسية,مقوي جنسي,N/A,No,,
بيتاديرم كريم موضعي 15 جم,Betaderm 0.1% Cream 15 gm,18,إيبيكو,الأدوية,ملطف موضعي و مضاد للالتهاب,بيتاميثازون,No,علاج مجموعة متنوعة من حالات الجلد، بما في ذلك الإكزيما والصدفية والتهاب الجلد والحساسية والطفح الجلدي. الحد من التهاب الجلد والحكة والاحمرار.,ضع طبقة رقيقة من الكريم على المنطقة المصابة مرة أو مرتين يوميًا.
جاون طبى 25 جرام كم طويل,Gaon Medical 25G Long Sleeve,17,N/A,الأجهزة والمستلزمات الطبية,ملابس السلامة,N/A,No,,
ماسك للوجه KN95 بدون فلتر,Face Mask Kn95 Without Filter,20,N/A,الأجهزة والمستلزمات الطبية,ماسك للوجه يعاد استخدامه,N/A,No,,
فوار فروت فواكه 6 أكياس,Fawar-Fruit 5 gm 6 Packets,24,فاركو,الأدوية,مضادات الحموضة و قرحة المعدة,N/A,No,علاج عسر الهضم ، حرقة ، واضطراب المعدة.,
كولوفيرين د 30 قرص مغلف,Coloverin D 30 Film Coated Tablets,105,كيميفارم,الأدوية,مضاد للتقلصات,ميبيفيرين + دايميثيكون,No,علاج متلازمة القولون العصبي (IBS) تخفيف آلام البطن والمغص والانتفاخ تقليل الغازات وانتفاخ البطن,
ميبو مرهم 15 جم,Mebo Ointment 15 gm,109,جلفار,الأدوية,علاج الحروق و الجروح,N/A,No,مضاد للالتهابات، ومضاد للحكة، ومرطب.,كما هو موجه من قبل الطبيب.
فوليك اسيد 500 مكجم 20 قرص,Folic Acid 500 mcg 20 Tablets,40,ميباكو فارما,فيتامينات & طعام صحي,حمض الفوليك,N/A,No,وهو مكمل غذائي يحتوي على 5 ملغ من حمض الفوليك لكل قرص.,
مينوكسيلوك 5% محلول موضعي للرجال و النساء 100 مل,Minoxilook 5% Topical Solution For Men & Women 100 ml,144,باركفيل,الأدوية,علاج تساقط الشعر الوراثي,المينوكسيديل,No,,
كال ماج 30 قرص مغلف,Cal Mag 30 Film Coated Tablets,177,N/A,الأدوية,صحة العظام و المفاصل,سيترات الكالسيوم+سيترات المغنيسيوم,No,الحفاظ على قوة العظام والأسنان دعم وظائف العضلات والأعصاب تقليل خطر الإصابة بهشاشة العظام تخفيف تشنجات العضلات تحسين جودة النوم,
بانثينول 2% كريم 50 جرام,Panthenol 2% Cream 50 gm,95,النيل,العناية بالبشرة و الجسم,مرطبات الجسم,N/A,No,يُستخدم كريم بانثينول 2% الموضعي لعلاج مجموعة متنوعة من حالات الجلد، بما في ذلك: الجلد الجاف والمتشقق الإكزيما التهاب الجلد الحروق الشمسية لدغات الحشرات التهيج بسبب الحلاقة طفح الحفاضات,
زوراكسون 1 جرام بودرة لعمل محلول للحقن الوريدي 1 فيال,Xoraxon 1 gm Powder For Solution For I.V Injection 1 Vial,56,شركة المهن الطبية,الأدوية,مضادات حيوية,سيفترياكسون,No,Ceftriaxone هو الجيل الثالث من السيفالوسبورين المضاد الحيوي. يتم استخدامه لعلاج مجموعة متنوعة من الالتهابات البكتيرية ، بما في ذلك الالتهاب الرئوي ، والتهاب السحايا ، والسيلان ، والتهابات المسالك البولية.,الجرعة المعتادة للسيفاكسون هي 1 جرام مرة واحدة يوميا.
سرنجة 20 سم,Syringe 20 Cm,8,N/A,الأجهزة والمستلزمات الطبية,كانيولا و سرنجات,N/A,No,,
أوميز 40 مجم 20 كبسولة,Omez 40 mg 20 Capsules,130,فاروفارما,الأدوية,مضادات الحموضة و قرحة المعدة,أوميبرازول,No,علاج القرح المعدي والاثني عشر إدارة مرض انسداد المريء والمعدة (GERD) تقليل إنتاج الحمض الزائد في المعدة,الجرعة الموصى بها هي كبسولة واحدة يومياً، ولكن يجب استشارة محترف الرعاية الصحية لتعديل الجرعة حسب الحاجة الفردية
كونكور كور 2.5 مجم 30 قرص مغلف,Concor Cor 2.5 mg 30 Film Coated Tablets,60,ميرك,الأدوية,أمراض القلب و الضغط و الدم,بيسوبرولول,No,علاج ارتفاع ضغط الدم (ارتفاع ضغط الدم). علاج الذبحة الصدرية المستقرة المزمنة. منع الإصابة المتكررة بالذبحة الصدرية. علاج قصور القلب.,الجرعة المبدأية المعتادة هي 2.5 مليجرام مرة واحدة يوميًا. يمكن زيادة هذه الجرعة تدريجيًا، حسب الحاجة، إلى حد أقصى قدره 20 مليجرام مرة واحدة يوميًا.
بلاستر طبي حرير 2.5 سم,Plaster Silk Blast 2.5 Cm,30,N/A,الأجهزة والمستلزمات الطبية,العناية بالجروح والحروق,N/A,No,,
ماكسيلاز شراب 100 مل,Maxilase Syrup 100 ml,57,سانوفى,العناية بصحة الأطفال,مضادات الالتهاب و التورم,ألفا الأميليز,No,دواء يحتاج إلى وصفة طبية يُستخدم لعلاج الالتهاب والورم.,تختلف الجرعة تبعًا لاحتياجات المريض الفردية. من المهم اتباع تعليمات الطبيب عند تناول هذا الدواء.
كانيولا مقاس 22 لون ازرق,Cannula Size 22 Blue,13,N/A,الأجهزة والمستلزمات الطبية,كانيولا و سرنجات,N/A,No,,
ليمتلس مغنيسيوم 150 مجم 30 قرص مغلف,Limitless Magnesium 150 mg 30 Film Coated Tablets,230,ليمتلس,فيتامينات & طعام صحي,ماغنسيوم,المغنيسيوم,No,,
يونيكتام 1.5 جرام فيال للحقن العضلي والحقن الوريدي,Unictam 1500 mg 1 Vial,56,شركة المهن الطبية,الأدوية,مضادات حيوية,أمبيسيلين + سولباكتام,No,يستخدم هذا الدواء لعلاج مجموعة متنوعة من الالتهابات البكتيرية ، بما في ذلك الالتهاب الرئوي ، والإنتان ، والتهابات الجلد.,تختلف حسب عمر المريض ووزنه وحالته
بيفاتراسين بخاخ بودرة 150 مل,Bivatracin Aerosol Powder 150 gm,83,أكديما,الأدوية,مضادات حيوية,باسيتراسين + نيومايسين,No,علاج ومنع العدوى الجلدية البسيطة، مثل الجروح والخدوش والحروق العدوى بعد العمليات العدوى الناتجة عن حروق قروح القدم السكرية والتقرحات الناتجة عن الاستلقاء الطويل,قم بتطبيق طبقة رقيقة من البودرة على المنطقة المتضررة 1-2 مرة يومياً.
ريباريل ان جل 40 جم,Reparil-Gel N 40 gm,58,ماداوس,الأدوية,مسكنات موضعية للالام,N/A,No,علاج الألم والالتهابات والتورم في العضلات والمفاصل والأوتار الناتجة عن الالتواء والشد العضلي والكدمات.,
سوفي فوط صحية سميكة طويلة جدًا بالمسك 14 قطعة × عبوتين,Sofy Maxi Thick Extra Long With Musk 14 Pads × 2 Packs,105,سوفي,العناية اليومية,فوط صحية,N/A,No,,
يوريفين-ان حبيبات فوارة 10 أكياس,Urivin-N Effervescent Granules 10 Sachets,31,امون,الأدوية,حصوات الكلى,كولشيسين+خيلين+بيبيرازين,No,,
لاميفين 1% كريم 15 جم,Lamifen Cream 15 gm,18,المجموعة المصرية للصناعات الدوائية,الأدوية,عدوى الجلد,N/A,No,هو دواء مضاد للفطريات يُستخدم لعلاج مجموعة متنوعة من العدوى الفطرية، بما في ذلك قدم الرياضي وحكة العانة والسعفة الجلدية.,الجرعة الموصى بها هي وضعه مرة واحدة في اليوم لمدة 7 أيام
كونترولوك 20 مجم 14 قرص,Controloc 20 mg 14 Gastro-Resistant Tablets,100,أسينو,الأدوية,مضادات الحموضة و قرحة المعدة,بانتوبرازول,No,العلاج قصير الأمد لأعراض الارتجاع (على سبيل المثال حرقة المعدة، ارتجاع الحمض) لدى البالغين.,20 مليجرام يوميا
تلفاست 180 مجم 20 قرص,Telfast 180 mg 20 Tablets,160,سانوفى,الأدوية,أدوية لا تسبب النعاس,فيكسوفينادين,No,تخفيف أعراض التهاب الأنف التحسسي الموسمي (حمى القش) والارتيكاريا المزمن مجهول السبب (خلايا النحل) لدى البالغين والأطفال الذين تبلغ أعمارهم 12 عامًا فما فوق.,قرص واحد (180 مجم) مرة واحدة يومياً
ميوكوستا 100 مجم 20 قرص,Mucosta 100 mg 20 Tablets,114,اوتسوكا,الأدوية,مضادات الحموضة و قرحة المعدة,ريباميبيد,No,العلاج والوقاية من التهاب المعدة وقرحة الاثني عشر تعزيز التئام التآكلات والقرح في الغشاء المخاطي للمعدة والاثني عشر تخفيف الأعراض المصاقرص لالتهاب المعدة وقرحة الاثني عشر ، مثل آلام البطن والحموضة المعوية وعسر الهضم,قرص واحد 3 مرات يوميًا ، بعد الوجبات
نيفيلوب 5 مجم 21 قرص,Nevilob 5 mg 21 Tablets,99,ماركيرل,الأدوية,أمراض القلب و الضغط و الدم,نيبيفولول,No,دواء مثبط لمستقبلات بيتا يستخدم لعلاج ارتفاع ضغط الدم يمكن أيضًا استخدامها لعلاج قصور القلب,خذ قرصًا واحدًا عن طريق الفم مرة يوميًا
زنك اوليف كريم 75 جم,Zinc Olive Cream 75 gm,95,شركة المهن الطبية,العناية بالأم والطفل,العناية بمنطقة الحفاض,N/A,No,,
ليميتليس اوسوفورتين د3 ( 5000 و.د ) 20 قرص مغلف,Limitless Ossofortin D3 5000 I.U. 30 Tablets,130,ليمتلس,فيتامينات & طعام صحي,فيتامين د,N/A,No,مكمل غذائي غني بفيتامين د3 لصحة العظام والصحة العامة.,
اليكا ام كريم 30 جرام,Elica-M Cream 30 gm,52,جمجوم فارما,الأدوية,عدوى الجلد,موميتازون فوروات + نترات ميكونازول,No,إليكا-إم كريم هو مزيج من الأدوية يُستخدم لعلاج التهيج والحكة الناتجة عن الالتهابات الفطرية للجلد.,
كيتولاك 30 مجم (للحقن العضلي والتنقيط الوريدي) 5 أمبولات × 2 مل,Ketolac 30 mg (I.M Or I.V Infusion) 5 Ampoules × 2 ml,60,العامرية,الأدوية,مسكنات وخافض الحرارة,كيتورولاك تروميثامين,No,دواء مضاد للالتهابات غير الستيرويدية (NSAID) مسكن مضاد التهاب مضاد للحرارة,30 مليجرام عن طريق الحقن العضلي كل 6 ساعات 30 مليجرام عن طريق الحقن الوريدي كجرعة واحدة أو 30 مليجرام كل 6 ساعات
كالسيترون 30 كبسولة,Calcitron 30 Capsules,174,نيرهادو,فيتامينات & طعام صحي,كالسيوم,N/A,No,,
جوانتي لاتكس 100 قطعة مقاس md,Latex Gloves Size Md 100 Pieces,250,N/A,الأجهزة والمستلزمات الطبية,القفازات,N/A,No,,
بريدوكايين كريم 15 جم,Pridocaine Cream 30 gm,55,جلوبال نابى,الأدوية,مخدر موضعي,ليدوكايين+بريلوكايين,No,تخدير الجلد قبل إجراءات معينة مثل إدخال الإبرة أو ترقيع الجلد أو جراحة الجلد بالليزر. تخفيف الألم والحكة الناتجة عن الأمراض الجلدية البسيطة مثل لدغات الحشرات وحروق الشمس واللبلاب السام.,تعتمد كمية الكريم المراد استخدامه على حجم المنطقة المراد علاجها ونوع الإجراء الذي يتم إجراؤه. اتبع تعليمات طبيبك بعناية.
جاراميسن كريم 0.1% 15 جم,Garamycin 0.1% Cream 15 gm,22,ممفيس,الأدوية,عدوى الجلد,جنتامايسين,No,كريم مضاد حيوي موضعي يستخدم لعلاجالالتهابات الجلدية التي تسببها البكتيريا مثل الالتهاب الخلوي والحروق.,تختلف الجرعة وفقًا لاحتياجات المريض الفردية. من المهم اتباع تعليمات الطبيب عند استخدام هذا الدواء.
فيتاسيد ج 1 جم 12 قرص فوار,Vitacid C 1 gm 12 Effervescent Tablets,54,سيد,فيتامينات & طعام صحي,فيتامين ج,فيتامين سي,No,,
فيوسيدرم كريم 15 جرام,Fusiderm 2% Cream 15 gm,44,ايفا فارما,الأدوية,عدوى الجلد,حمض الفوسيديك,No,علاج التهابات الجلدالناتجة عن البكتيريا ، مثل القوباء ، التهاب الجريبات ، والدمامل.,ضع طبقة رقيقة من الكريمة على المنطقة المصابة ثلاث مرات في اليوم.
ستيرونات نور 5 مجم 20 قرص,Steronate Nor 5 mg 20 Tablets,56,هاي فارم,الأدوية,علاج هرمونى,نوريثتيرون,No,يُستخدم ستيرونات نور كبروجيستوجين اصطناعي لعلاج النزيف الشديد خلال فترة الحيض (مينوراجيا) والنزيف الرحمي غير المنتظم.,تختلف جرعة ستيرونات نور حسب الحالة التي يتم علاجها. لنزيف الحيض الغزير، الجرعة المعتادة هي 5 مجم مرة واحدة يوميا لمدة 10-14 يوما، بدءا من اليوم الأول من الدورة الشهرية. لعلاج نزيف الرحم الغير منتظم، الجرعة المعتادة هي 5 مجم مرة واحدة يوميًا لمدة 14 يومًا، بدءًا من اليوم الأول من الدورة الشهرية.
بيك سرنجة انسولين 0.1 مل,Pic Insumed Syringe For Insulin 0.1 ml,110,بيك سوليوشن,الأجهزة والمستلزمات الطبية,كانيولا و سرنجات,N/A,No,,
سياليس 20 مجم 4 أقراص مغلفة,Cialis 20 mg 4 Film Coated Tablets,474,ليلي,الصحة الجنسية,علاج ضعف الانتصاب لدى الرجال,N/A,No,علاج ضعف الانتصاب (ED) للذكور البالغين.,قرص واحد (20 ملغ) لكل جرعة
توبرادكس قطرة عين 5 مل,Tobradex Eye Drops 5 ml,76,نوفارتس,الأدوية,عدوى العين,ديكساميثازون + توبرامايسين,No,علاج التهابات العين والتهاباتها. منع العدوى بعد جراحة العيون.,توضع 1-2 قطرات في العين (العينين) المصابة 4-6 مرات في اليوم.
دياميكرون إم آر 60 مجم 30 قرص معدل الانطلاق,Diamicron 60 MR 30 Modified Release Film Coated Tablets,156,سيرفير,الأدوية,أدوية مرض السكري,جليكلازيد,No,يستخدم في علاج مرض السكري من النوع 2 (المرضى غير المعتمدين على الأنسولين) للبالغين عندما لا تكون الإجراءات الغذائية، والتمرين البدني، وفقدان الوزن وحدها كافية للتحكم في مستوى السكر في الدم.,الجرعة البدائية الموصى بها هي 30 مليجرام مرة واحدة يوميًا مع وجبة الإفطار. قد يزيد طبيبك تدريجياً من الجرعة إلى حد أقصى يومي يبلغ 120 مليجرام.
جاست ريج 200 مجم 30 قرص,Gast-Reg 200 mg 30 Tablets,84,امون,الأدوية,مضاد للتقلصات,تريميبوتين,No,علاج متلازمة القولون العصبي (IBS) تخفيف الألم وعدم الارتياح والانتفاخ في البطن علاج الهضم الوظيفي (FD),200 مليجرام 3 مرات يوميًا
كالسيكفولينون 10 مجم / 5 مل 1 أمبول,Calcifolinon 10 mg/ml 10 ml 1 Vial,128,جلوبال فارماسيوتيكال,الأدوية,ادوية الاورام,فولينيك اسيد,Yes,يستخدم كترياق لمواجهة التأثيرات السامة لبعض أدوية العلاج الكيميائي أو لعلاج نقص حمض الفوليك.,
نيفيلوب 2.5 مجم 14 قرص,Nevilob 2.5 mg 14 Tablets,46,ماركيرل,الأدوية,أمراض القلب و الضغط و الدم,نيبيفولول,No,دواء مثبط لمستقبلات بيتا يستخدم لعلاج ارتفاع ضغط الدم يمكن أيضًا استخدامها لعلاج قصور القلب,خذ قرصًا واحدًا عن طريق الفم مرة يوميًا
استيل سستايين 600 مجم 10 اكياس فوارة,Acetylcistein 600 mg 10 Sachets,70,سيدكو,الأدوية,أدوية الكحة,أسيتيل سيستين,No,يُستخدم لتخفيف لزوجة البلغم وجعله أسهل في طرده عن طريق السعال. يُستخدم أيضًا لعلاج احتقان الصدر والسعال الناتج عن العدوى التمثائلية، مثل التهاب القصبة الهوائية والالتهاب الرئوي.,
نايت كالم 3 مجم 30 قرص مغلف,Night Calm 3 mg 30 Film Coated Tablets,105,ميدزين,الأدوية,مضادات القلق واضطراب النوم,إيزوبيكلون,No,دواء يباع بوصفة طبية يستخدم لعلاج الأرق. إنه دواء مهدئ ومنوم يعمل عن طريق تهدئة الجهاز العصبي المركزي.,تختلف الجرعة تبعًا لاحتياجات المريض الفردية. من المهم اتباع تعليمات الطبيب عند تناول هذا الدواء.
فيروديونال 100 مجم 30 كبسولة جلاتينية صلبة,Ferroduonal 30 Hard Gelatin Capsules,135,مينا فارم,فيتامينات & طعام صحي,حديد,N/A,No,مكمل غذائي يستخدم في المقام الأول لمعالجة نقص الحديد ودعم الصحة العامة.,
دالاسين سي 300 مجم 10 أقراص,Dalacin C 300 mg 10 Capsules,114,فايزر,الأدوية,مضادات حيوية,كليندامايسين,No,علاج الالتهابات البكتيرية التي تسببها سلالات حساسة من البكتيريا اللاهوائية ، والهوائيات إيجابية الجرام ، وبعض البروتوزوا. يستخدم لعلاجالالتهابات الخطيرة التي تسببها البكتيريا اللاهوائية الحساسة ، بما في ذلك الالتهابات داخل البطن والتهابات الجلد والأنسجة الرخوة.,البالغون: 150-450 مجم كل 6 ساعات حسب شدة العدوى. الأطفال: 3-6 مغ / كجم كل 6 ساعات ، اعتمادا على شدة العدوى (لا تتجاوز جرعة الكبار).
برايفت الليلية رفيعة جدًا 14 قطعة,Private Extra Thin Night 14 Pads,92,برايفت,العناية اليومية,فوط صحية,N/A,No,,
نيوروفيت - 30 قرص,Neurovit 30 Tablets,102,العامرية,فيتامينات & طعام صحي,فيتامين ب وب مركب,N/A,No,,
امبيزيم ج 30 قرص,Ambezim G 30 Enteric Coated Tablets,102,جلوبال نابى,الأدوية,مضادات الالتهاب و التورم,N/A,No,تقليل الالتهاب والتورم تخفيف الألم تعزيز التئام الجروح والإصابات تحسين الهضم,تناول 1-2 قرصًا 3-4 مرات يوميًا ، أو حسب توجيهات الطبيب.
رينجر محلول وريدي بغطاء 500 مل (فبيكو),Ringer Intravenous Infusion With Cap 500 ml (Fibco),26,فيبكو,الأدوية,الأدوية المتخصصة,N/A,No,علاج خلل الاليكروليت، مثل نقص صوديوم الدم ونقص بوتاسيوم الدم ونقص كالسيوم الدم تعويض السوائل في المرضى المصابين بنقص حجم الدم الحفاظ على توازن السوائل والاليكتروليت في المرضى غير القادرين على تناول السوائل أو الاليكتروليت عن طريق الفم,يتم تحديد الجرعة من قبل أخصائي الرعاية الصحية بناءً على احتياجات المريض الفردية.
بروفين 400 مجم 30 قرص,Brufen 400 mg 30 Tablets,78,أبوت,الأدوية,مسكنات وخافض الحرارة,ايبوبروفين,No,مسكن للألم مخفض للحمى مضاد التهاب,تناول قرص واحد عن طريق الفم كل 4-6 ساعات حسب الحاجة.
ستربتوكين 20 قرص,Streptoquin 20 Tablets,46,شركة المهن الطبية,الأدوية,علاج الاسهال,N/A,No,يُستخدم كدواء وصفة طبية لعلاج العدوى التي تسببها البكتيريا. يحتوي على المضادات الحيوية سلفاميثوكسازول، فثاليل سلفاثيازول، والستربتومايسين، بالإضافة إلى المضاد للتشنج هوماتروبين الميثيل بروميد، والمطهر ديهيدروكسيكوينولين.,
بارسيميانت 4 مجم 28 قرص,Barcimiant 4 mg 28 Tablets,2480,ايفا فارما,الأدوية,مثبطات المناعة,باريسيتينيب,No,معتدلة إلى حادة التهاب المفاصل الروماتويدي لدى البالغين الذين لم يستجيبوا جيدًا لواحد أو أكثر من العلاجات الأخرى. التهاب الجلد التأتبي المعتدل إلى الشديد لدى البالغين الذين هم مرشحون للعلاج الجهازي.,الجرعة الموصى بها هي 4 مليجرام مرة واحدة يوميا. يوصى بجرعة من 2 مليجرام مرة واحدة يوميًا لبعض المرضى ، مثل المرضى المعرضين لخطر أعلى من جلطات الدم ، أو مشاكل القلب ، أو السرطان ، والذين يزيد عمرهم عن 65 عامًا ، وأولئك الذين لديهم تاريخ من الالتهابات. قد يعدل طبيبك الجرعة بناءً على حالتك المرضية.
أوندالينز 8 مجم 5 افلام فموية,Ondalenz 8 mg 5 Oral Films,265,نيرهادو,الأدوية,مضادات القيء و الغثيان,أوندانسيترون,No,علاج الغثيان والقيء المرتبط بالعلاج الكيميائي أو الجراحة. الوقاية من الغثيان والقيء بعد الجراحة.,اتبع الجرعة الموصوفة من قبل أخصائي الرعاية الصحية. عادةً ما يتم تناول قرص واحد بقوة 8 مجم قبل ساعة إلى ساعتين من العلاج الكيميائي أو الجراحة.
ليمتلس ألزايم ماكس 20 قرص,Limitless Allzyme Max 20 Tablets,155,ليمتلس,الأدوية,مضادات الالتهاب و التورم,N/A,No,مساعد في الهضم. مضاد للالتهاب. تخفيف الألم. تقليل الانتفاخ.,للبالغين: 1-2 أقراص مع أو بعد الوجبات، أو وفقًا لتوجيهات محترف الرعاية الصحية. الأطفال: غير مستحسن للأطفال دون سن 12 عامًا.
بنادول كولد & فلو داى 24 قرص,Panadol Cold & Flu Day 24 Film Coated Tablets,76,جي إس كيه,الأدوية,أدوية نزلات البرد والانفلونزا,الباراسيتامول+الكافيين+فينيليفرين,No,يعد دواءً بدون وصفة طبية الاستخدامات:تخفيف أعراض الزكام والإنفلونزا. الاستخدامات : الاستخدامات:تخفيف الأعراض التالية للزكام والإنفلونزا.,
ريد سائل قاتل الناموس بدون رائحة 41 مل,Raid Odorless Liquid Mosquito Killer Re-Fill 41 ml,115,رايد,العناية اليومية,طارد الحشرات,N/A,No,,
وان تو ثري 20 قرص مغلف,One Two Three 20 Film Coated Tablets,40,الحكمة,الأدوية,أدوية نزلات البرد والانفلونزا,كلورفينيرامين + باراسيتامول + سودوإيفيدرين,No,أعراض البرد والإنفلونزا، مثل الصداع والحمى وآلام الجسم وسيلان الأنف أو احتقانه والعطس والحكة والعيون الدامعة واحتقان الجيوب الأنفية.,الكبار والأطفال الذين تبلغ أعمارهم 12 عامًا فأكثر: قرصًا واحدًا إلى قرصين كل 4-6 ساعات حسب الحاجة، بحيث لا تتجاوز 8 أقراص في 24 ساعة. الأطفال من 6 إلى 11 عامًا: قرصًا واحدًا كل 4-6 ساعات حسب الحاجة، بحيث لا تتجاوز 4 أقراص في 24 ساعة.
ستارفيل قناع ورقي لعلاج حب الشباب 1 قطعة,Starville Acne Prone Skin Mask Sheet 1 Sheet,55,ستارفيل,العناية بالبشرة و الجسم,ماسكات للوجه,N/A,No,,
بيتادين مطهر محلول 10% 60 مل,Betadine Antiseptic Solution 10% 60 ml,60,موندي فارما,العناية اليومية,مطهرات,N/A,No,,
بيبي تشيك اختبار الحمل,Baby Check Pregnancy Test,10,N/A,الأجهزة والمستلزمات الطبية,الاختبارات المنزلية,N/A,No,,
بولي فريش 0.2% قطرة للعين 10 مل,Polyfresh Eye Drops 10 ml,75,اوركيديا,الأدوية,علاج جفاف العين,N/A,No,تخفيف جفاف العين والتهيج. علاج جفاف العين الناتج عن استخدام عدسات اللاصقة.,قطرة واحدة في كل عين حسب الحاجة.
سوماتروبين (سيدكو) 4 وحدة دولية 1 فيال,"Somatropin 4 I.U, S.C. I.M. 1 Vial",321,سيدكو,الأدوية,علاج هرمونى,السوماتروبين,No,نقص هرمون النمو (GHD) عند الأطفال والبالغين متلازمة تيرنر متلازمة برادر ويلي القامة القصيرة بسبب مرض الكلى المزمن القامة القصيرة بسبب القامة القصيرة مجهولة السبب القامة القصيرة بسبب متلازمة عدم حساسية هرمون النمو فشل النمو بعد الولادة صغيرة الحجم مقارنة بالعمر (SGA) متلازمة الهزال الناتج عن الإيدز فشل الأمعاء,
سوفي فوط صحية سميكة طويلة جدا جدا بالمسك 24 قطعة (2x12 عرض),Sofy Maxi Thick Super Extra Long With Musk 24 Pads (12X2 Offer),115,سوفي,العناية اليومية,فوط صحية,N/A,No,,
سيلبريكس 200 مجم 15 كبسولة,Celebrex 200 mg 15 Capsules,198,فايزر,الأدوية,مسكنات وخافض الحرارة,سيلكوكسيب,No,تخفيف الأعراض في حالات مثل التهاب المفاصل النقري (التهاب المفاصل الشديد) والتهاب المفاصل الروماتويدي ومرض العصب الفقري الملتحم.,200 مليجرام مرة يوميًا أو مرتين يوميًا، اعتمادًا على شدة حالتك. لا تتناول أكثر من 400 مليجرام يوميًا.
أوندالينز 4 مجم 5 افلام فموية,Ondalenz 4 mg 5 Oral Films,160,نيرهادو,الأدوية,مضادات القيء و الغثيان,أوندانسيترون,No,علاج الغثيان والقيء المرتبط بالعلاج الكيميائي أو الجراحة. الوقاية من الغثيان والقيء بعد الجراحة.,اتبع الجرعة الموصوفة من قبل أخصائي الرعاية الصحية. عادةً ما يتم تناول قرص واحد بقوة 4 مجم قبل ساعة إلى ساعتين من العلاج الكيميائي أو الجراحة.
نيوكاربون 30 كبسولة,Neocarbon 30 Capsules,200,ولفرام,الأدوية,مهضم ومضاد للانتفاخات,N/A,No,مضاد للانتفاخ (يخفف الغازات) الممتزات (يرتبط بالسموم والغازات) طارد للريح (يعزز طرد الغاز) طريقة الاستعمال : الكبار: تأخذ 3-5 كبسولات ، 2 مرات في اليوم (بعد وجبات الطعام). الأطفال 6-12 سنة: تأخذ 2-3 كبسولات ، 2 مرات في اليوم. الأطفال دون سن 6 سنوات: اسأل الطبيب.,
فيوسيدين كريم 30 جم,Fucidin Cream 30 gm,96,مينا فارم,الأدوية,عدوى الجلد,حمض الفوسيديك,No,علاج التهابات الجلد الناتجة عن البكتيريا ، مثل الجريبات ، التهاب الجريبات ، والدمامل.,ضع طبقة رقيقة من الكريمة على المنطقة المصابة ثلاث مرات في اليوم.
انتيروجيرمينا 2 بليون/ 5 مل محلول عن طريق الفم 10 زجاجات صغيرة,Enterogermina 2 Billions/5 ml Oral Suspension 10 Mini Bottles,200,سانوفى,الأدوية,علاج الاسهال,N/A,No,بروبيوتيك يحتوي على باسيلوس كلاوزي ، وهي بكتيريا حية موجودة بشكل طبيعي في الأمعاء. عادة ما يتم استخدامه لعلاج الإسهال، ولكنه يمكن أيضًا استخدامه لمنع الإسهال الناتج عن المضادات الحيوية. كما يمكن استخدامه لتحسين صحة الأمعاء بشكل عام.,
اورسوفالك 250 مجم 20 كبسولة,Ursofalk 250 mg 20 Capsules,162,مينا فارم,الأدوية,أدوية تحسين وظائف الكبد و المرارة,حمض الأرسوديوكسيكوليك,No,علاج حصوات المرارة منع تكون حصوات مرارة جديدة علاج التهاب الأقنية الصفراوية الأولي، وهو مرض مزمن في الكبد,250 مليجرام مرة واحدة يوميا
بريزولين نقط للعين والأنف 15 مل,Prisoline Ophthalmic & Nasal Solution 15 ml,23,القاهرة,الأدوية,علاج حساسية و احتقان العين,كلورفينييرامين+نافازولين,No,تخفيف الاحمرار والحكة والدموع في العينين والأنف بسبب الحساسية أو نزلات البرد. تقليل احتقان الأنف.,العينان: ضع 1-2 قطرة في العين (العينين) المصابة 3-4 مرات يوميًا. الأنف: ضع 2-3 قطرات في كل منخر 3-4 مرات يوميًا.
سولباسيف 1.5 جرام فيال للحقن العضلي او الوريدي,Sulbacef 1.5 gm (I.V/I.M) Injection Vial,123,أدفوكور,الأدوية,مضادات حيوية,سيفوبيرازون + سولباكتام,No,مضاد حيوي مضاد للجراثيم واسع المجال يستخدم هذا الدواء لعلاج الالتهابات البكتيرية في أجزاء مختلفة من الجسم.,الجرعة المعتادة هي 1.5 جرام كل 12 ساعة.
بانتولوك 40 مجم 14 قرص مغلف معوي,Pantoloc 40 mg 14 Enteric Coated Tablets,102,شركة المهن الطبية,الأدوية,مضادات الحموضة و قرحة المعدة,بانتوبرازول,No,علاج ارتجاع الحمض (مرض الارتجاع المعدي المريئي، GERD) التئام القرحات الهضمية (قرحات الاثني عشر والمعدة) الوقاية من القرحات الهضميةالناتجة عن مضادات الالتهاب غير الستيرويدية (المسكنات) علاج متلازمة زولينجر-إليسون وغيرها من الحالات التي تفرط فيها المعدة في إفراز الحمض,الجرعة المعتادة هي 40 مليجرام مرة واحدة يوميًا. في بعض الحالات، قد يزيد طبيبك من الجرعة إلى 80 مليجرام مرة واحدة يوميًا.
باي بروفينيد 150 مجم 20 قرص,Bi-Profenid 150 mg 20 Tablets,54,سانوفى,الأدوية,مسكنات وخافض الحرارة,كيتوبروفين,No,مضاد للالتهابات غيرستيرويدي (NSAID) إزالة الألم والالتهاب والانتفاخ,١٥٠ مجم قرص، يتم تناوله عن طريق الفم ثلاث مرات يوميًا.
هاي فريش نقط للعين 10 مل,Hyfresh 0.2% Eye Drops 10 ml,75,جمجوم فارما,الأدوية,علاج جفاف العين,N/A,No,تخفيف جفاف العين والتهيج. علاج جفاف العين الناتج عن استخدام عدسات اللاصقة.,قطرة واحدة في كل عين حسب الحاجة.
أوميز 20 مجم 14 كبسولة,Omez 20 mg 14 Capsules,56,فاروفارما,الأدوية,مضادات الحموضة و قرحة المعدة,أوميبرازول,No,علاج ومنع مرض الجزر الحمضي (GERD) شفاء القرحة الهضمية منع القرح الناتجة عن مضادات الالتهاب غير الستيروئيدية علاج عدوى هيليكوباكتر بيلوري متلازمة زولينجر إليسون,الجرعة المعتادة هي 20 مليجرام مرة واحدة يوميا. في بعض الحالات، قد يصف طبيبك جرعة أعلى قدرها 40 مليجرام مرة واحدة يوميًا. تعتمد مدة العلاج على الحالة التي يتم علاجها.
سيلوكينزوك 50 مجم 28 قرص ممتد المفعول,Selokenzoc 50 mg 28 Prolonged Release Tablets,94,أسترازينيكا,الأدوية,أمراض القلب و الضغط و الدم,ميتوبرولول,No,يستخدم هذا الدواء لعلاج ارتفاع ضغط الدم، وألم في الصدر، والسيطرة على النوبات القلبية,تناول قرصًا واحدًا عن طريق الفم مرة واحدة يوميًا
شاش طبي 15 سم,Mediacal Gauze 15 Cm,9,N/A,الأجهزة والمستلزمات الطبية,العناية بالجروح والحروق,N/A,No,,
دافلون 500 مجم 30 قرص مغلف,Daflon 500 mg 30 Film Coated Tablets,236,سيرفير,الأدوية,ادوية علاج البواسير والدوالي,ديوسمين + هيسبيريدين,No,يعالج الدوالي، والوذمة اللمفاوية، والبواسير. يحسن تدفق الدم ويقلل الالتهابات. لديه خصائص مضادة للأكسدة.,قرص واحدة مرتين يوميًا
ميلجا 40 قرص مغلف,Milga 40 Film Coated Tablets,108,ايفا فارما,فيتامينات & طعام صحي,فيتامين ب وب مركب,N/A,No,,
تريسيبا 100 وحدة/مل فليكس تاتش 1 قلم مملوء مسبقًا 3 مل,Tresiba 100 Units/ml Flextouch 1 Pre-Filled Pen 3 ml,550,نوفو نورديسك,الأدوية,الانسولين,الأنسولين ديلوديك,Yes,,
ايوكاربون 30 قرص,Eucarbon 30 Tablets,135,سيدكو,الأدوية,مهضم ومضاد للانتفاخات,N/A,No,ملين خفيف طارد للريح (يخفف الغاز) الممتزات (يرتبط بالسموم والغازات),
نيورونتين 300 مجم 20 كبسولة,Neurontin 300 mg 20 Capsules,108,فايزر,الأدوية,أدوية الصرع,غابابنتين,No,النوبات الجزئية في البالغين والأطفال الذين تبلغ أعمارهم 3 سنوات وما فوق ألم الأعصاب الناتج عن الهربس (PHN) في البالغين متلازمة الساقين العصبية (RLS) في البالغين,من 300 مليجرام إلى 1800 مليجرام يوميًا، مقسمة إلى 3 جرعات.
ريفو 320 مجم 10 أقراص,Rivo 320 mg 10 Tablets,7.05,أدكو,الأدوية,مسكنات وخافض الحرارة,حمض الأسيتيل ساليسيليك,No,منع تكوين تجلطات الدم في الشرايين. تقليل خطر الإصابة بأزمات القلب والسكتة الدماغية ومشاكل القلب والأوعية الدموية الأخرى.,
ميدالجيسك 1000 مجم /100 مل فيال,Medalgesic 1000 mg/100 ml Vial I.V,60,ارابكوميد,الأدوية,مسكنات وخافض الحرارة,باراسيتامول,No,تخفيف الألم ، بما في ذلك الصداع ، الصداع النصفي ، وجع الأسنان ، وآلام الحيض ، وآلام العضلات. الحد من الحمى.,البالغين والأطفال الذين تزيد أعمارهم عن 12 عامًا: 1000-1500 ملجم كل 4-6 ساعات ، بحد أقصى 4000 ملجم يوميًا. الأطفال دون سن 12 عامًا: الجرعة المحسوبة على أساس وزن الجسم.
بيكوزيم 2 مل 12 امبول,Becozyme 2 ml 12 Ampoules,120,باير,فيتامينات & طعام صحي,فيتامين ب وب مركب,N/A,No,مكمل غذائي لدعم الصحة العامة واستقلاب الطاقة.,
تكساكورت 0.1 % كريم موضعي 20 جم,Texacort 0.1% Cream 20 gm,22,ماركيرل,الأدوية,ملطف موضعي و مضاد للالتهاب,الهيدروكورتيزون,No,مرهم موضع، مضاد للالتهابات، هرمون كورتيكوستيرويدي.,
فيلداجلوس بلس 50 مجم/1000 مجم 30 قرص مغلف,Vildagluse Plus 50/1000 30 Film Coated Tablets,147,انسبير فارما,الأدوية,أدوية مرض السكري,فيلداجليبتين + ميتفورمين,No,تحسين التحكم في مستوى السكر في الدم لدى البالغين الذين يعانون من مرض السكري من النوع 2.,قرص واحد مرتين يوميًا.
اميجران ادكو 30 قرص مغلف,Amigraine Adco 30 Film Coated Tablets,93,أدكو,الأدوية,الصداع النصفي,الكافيين + ديبيرون (ميتاميزول) + إرغوتامين,No,تخفيف نوبات الصداع النصفي الحادة,
فيسيرالجين 50 مجم 20 قرص مغلف,Visceralgine 50 mg 20 Film Coated Tablets,42,سيدكو,الأدوية,مضاد للتقلصات,تيمونيوم ميثيل سلفات,No,مضاد للتشنجات يخفف من الآلام البطن والتشنجات يعالج الاضطرابات الهضمية ومتلازمة الأمعاء العصبية وحالات أخرى,البالغين: 1 قرص ثلاث مرات في اليوم. الأطفال دون سن 12 عامًا: استشر الطبيب
ديرماتول غيار جروح غير لاصق/ شاش فازلين 10/20 سم,"Dermatol Non-Adhesive Dressing, Vaseline Gauze 10/20Cm",14,ماسكو ميد,الأجهزة والمستلزمات الطبية,العناية بالجروح والحروق,N/A,No,,
فوناسبير 20 مجم 30 قرص مغلف,Vonaspire 20 mg 30 Film Coated Tablets,219,انسبير فارماسيوتيكال,الأدوية,مضادات الحموضة و قرحة المعدة,فونوبرازان,No,,
زنكترون 30 كبسولة,Zinctron 30 Capsules,126,نيرهادو,فيتامينات & طعام صحي,زنك,N/A,No,تستخدم كمكمل غذائي لدعم صحة المناعة والرفاهية العامة.,
سوفي فوط صحية سميكة طويلة بالمسك 16 قطعة,Sofy Maxi Long With Musk 16 Pads,105,سوفي,العناية اليومية,فوط صحية,N/A,No,,
جلوكوفاج إكس آر 1000 مجم 30 قرص مغلف,Glucophage XR 1000 mg 30 Film Coated Tablets,150,مينا فارم,الأدوية,أدوية مرض السكري,ميتفورمين,No,السكري من النوع 2,الجرعة الأولية المعتادة هي 500 مليجرام مرة يوميًا، تُؤخذ مع الطعام. قد يزيد طبيبك تدريجيًا من الجرعة حتى تصبح مستويات السكر في الدم تحت السيطرة. الجرعة القصوى الموصى بها هي 2000 مليجرام يوميًا.
بلاستر طبي حرير 5 سم,Plaster Silk Blast 5 Cm,55,N/A,الأجهزة والمستلزمات الطبية,العناية بالجروح والحروق,N/A,No,,
كابرون 500 مجم 20 قرص,Kapron 500 mg 20 Film Coated Tablets,110,امون,الأدوية,أمراض القلب و الضغط و الدم,حمض الترانيكساميك,No,,
"تيمبو كول لاصقات خافضة للحرارة للأطفال, 4 قطع","Tempo Cool Patches For Fever Children +1 Years, 4 Pieces",40,ماسكو ميد,الأجهزة والمستلزمات الطبية,كمادات سخن و بارد,N/A,No,,
اسبوسيد 75 مجم 30 قرص,Aspocid 75 mg 30 Tablets,33,سيد,الأدوية,أمراض القلب و الضغط و الدم,حمض الأسيتيل ساليسيليك,No,دواء يصرف بوصفة طبية يُستخدم لتخفيض الحمى والألم الخفيف إلى المعتدل الناتجعن الصداع، الحيض، الزكام، آلام الأسنان أو آلام العضلات.,تختلف الجرعة حسب احتياجات المريض الفردية. من المهم اتباع تعليمات الطبيب عند تناول هذا الدواء.
جيليت بلو 2 بلس ماكينة حلاقة 1 ماكينة,Gillette Blue 2 Plus Disposable Razor 1 Razor,25,جيليت,العناية اليومية,أدوات الحلاقة والتشذيب,N/A,No,,
إبيكوبريد 5 مجم 30 قرص,Epicopred 5 mg 30 Tablets,69,إيبيكو,الأدوية,هرمون الكورتيزون,بريدنيزولون,No,تعامل مع مجموعة متنوعة من الحالات الالتهابية ، بما في ذلك الحساسية والربو والتهاب المفاصل وأمراض الأمعاء الالتهابية. قمع الجهاز المناعي من أجل منع رفض الأعضاء بعد الزرع. علاج أنواع معينة من السرطان ، مثل سرطان الدم والورم الليمفاوية.,تختلف جرعة Epicopred 20mg 20tablets prednisolone اعتمادًا على حالة الفرد والاستجابة للعلاج. من المهم اتباع تعليمات طبيبك بعناية.
يوروسولفين حبيبات فوارة 12 كيس,Urosolvine Effervescent Granules 12 Sachets,38,النيل,الأدوية,حصوات الكلى,كبريتات الأتروبين+كولشيسين+سيترات بيبيرازين,No,يستخدم في علاج: النقرس. ارتفاع مستويات حمض اليوريك (البولي) في الدم. حصوات الكلى. تشنجات الكلى. كوليك الكلى.,
باي الكوفان 150 مجم 30 قرص,Bi-Alcofan 150 mg 30 Tablets,81,الاسكندرية,الأدوية,مسكنات وخافض الحرارة,كيتوبروفين,No,مسكن للألم مضاد للالتهابات يقلل من الانتفاخ وصلابة المفاصل,١٥٠ مليجرام لكل قرص.
فلاجيل 500 مجم 20 قرص مغلف,Flagyl 500 mg 20 Film Coated Tablets,34,سانوفى,الأدوية,مضادات الطفيليات,ميترونيدازول,No,دواء مضاد حيوي يستخدم لعلاجمجموعة متنوعة من الالتهابات البكتيرية ، بما في ذلك التهابات المسالك البولية ، والتهاب المهبل البكتيري ، والجيارديا.,حسب توجيهات الطبيب.
كليكسان 6000 وحدة دولية (60 مجم)/0.6 مل 2 سرنجة مملوءة مسبقًا,Clexane 6000 I.U. (60 mg)/0.6 ml 2 Pre-Filled Syringes,367,سانوفى,الأدوية,أمراض القلب و الضغط و الدم,إنوكسابارين الصوديوم,No,يمنع جلطات الدم يحتوي على إنوكسابارين الصوديوم، وهو عبارة عن هيبارين منخفض الوزن الجزيئي,حسب توجيهات الطبيب
زيثرون 500 مجم 5 أقراص مغلفة,Xithrone 500 mg 5 Film Coated Tablets,86,امون,الأدوية,مضادات حيوية,أزيثرومايسين,No,يستخدم هذا الدواء لعلاج مجموعة متنوعة من الالتهابات ، بما في ذلك: التهابات الصدر مثل الالتهاب الرئوي التهابات الأذن والأنف والحنجرة التهابات الجيوب الأنفية من المهم تناول هذا الدواء تمامًا كما يحدده طبيبك.,خذ قرصًا واحدًا عن طريق الفم مرة واحدة في اليوم لمدة 5 أيام.
فيوسيدين كريم 15 جم,Fucidin Cream 15 gm,56,مينا فارم,الأدوية,عدوى الجلد,حمض الفوسيديك,No,علاج التهابات الجلد الناتجة عن البكتيريا ، مثل الجريبات ، التهاب الجريبات ، والدمامل.,ضع طبقة رقيقة من الكريمة على المنطقة المصابة ثلاث مرات في اليوم.
بولي فريش ادفانسد قطرة للعين 10 مل,Polyfresh Advanced Eye Drops 10 ml,160,اوركيديا,الأدوية,علاج جفاف العين,N/A,No,تم تصميم قطرات العين Polyfresh Advanced لتوفير الراحة والترطيب للعيون الجافة والمتهيجة. يساعد مزيج المكونات، بما في ذلك هيالورونات الصوديوم والجليسرين وكربوكسي ميثيل السليلوز الصوديوم، على تليين وترطيب سطح العين.,قد يختلف تكرار الإعطاء وعدد القطرات لكل تطبيق اعتمادًا على شدة أعراض جفاف العين واستجابة الفرد للعلاج. يُستخدم حسب توجيهات أخصائي الرعاية الصحية.
ترنتال إس آر 400 مجم 20 قرص مغلف,Trental 400 SR 20 Film Coated Tablets,128,سانوفى,الأدوية,أمراض القلب و الضغط و الدم,بنتوكسيفيلين,No,موسع للأوعية الدموية يعمل على تحسين تدفق الدم. يستخدم لعلاج العرج المتقطع، وهو حالة تسبب ألم في الساقين عند المشي.,400 مجم مرتين يومياً.
ستاركوبريكس 5 مجم 30 قرص مغلف,Starkoprex 5 mg 30 Film Coated Tablets,252,ابيكس فارما,الصحة الجنسية,علاج ضعف الانتصاب لدى الرجال,N/A,No,علاج ضعف الانتصاب (ED) لدى الرجال.,عادةً ما يتم تناول قرص واحد حسب الحاجة قبل ممارسة النشاط الجنسي. تجنب تناول وجبات كبيرة أو الكحول قبل تناول هذا الدواء حيث قد يؤثر ذلك على فعاليته.
كوين شفرات حلاقة للحواجب 3 شفرات,Queen Eyebrow Razor 3 Razors,128,لورد,العناية اليومية,ازالة الشعر للنساء,N/A,No,,
"نيل 15 لوشن للعناية بالأظافر, 15 مل",Nail 15 Lotion 15 ml,65,جلوبال نابى,العناية بالبشرة و الجسم,العناية بالأظافر,N/A,No,,
انتودين 40 مجم 30 قرص مغلف,Antodine 40 mg 30 Film Coated Tablets,93,امون,الأدوية,مضادات الحموضة و قرحة المعدة,فاموتيدين,No,منع وعلاج حرقة المعدة بسبب عسر الهضم الحمضي والمعدة الحامضة علاج القرحة الاثني عشرية والهضمية علاج متلازمة زولينجر-إيليسون، وهي حالة تسبب إنتاج المعدة لأحماض زائدة,40 مليجرام مرة واحدة يوميًا
أزادرم كريم موضعي 30 جرام,Azaderm Topical Cream 30 gm,87,شركة المهن الطبية,الأدوية,علاجات حب الشباب,حمض الأزيليك,No,كريم حمض الأزيليك يساعد في علاج حب الشباب يقلل الاحمرار والالتهاب,
ريلاكسون 30 كبسولة,Relaxon 30 Capsules,69,جمجوم فارما,الأدوية,مسكن و باسط للعضلات,كلورزوكسازون + باراسيتامول,No,ارخاء تشنجات العضلات المرتبطة بحالات العضلات والعظام. تخفيف الألم المرتبط بتشنجات العضلات. استعادة الحركة في حالات التشنجات العضلية الهيكلية المؤلمة الشديدة.,البالغون: 2 كبسولة 3 مرات يوميًا الأطفال: غير موصى به للأطفال دون سن 12 عامًا
نبيليت 5 مجم 14 قرص,Nebilet 5 mg 14 Tablets,102,ميناريني,الأدوية,أمراض القلب و الضغط و الدم,نيبيفولول,No,التحكم ارتفاع ضغط الدم بشكل فعال (ارتفاع ضغط الدم) لدى البالغين. علاج قصور القلب المزمن.,الجرعة الموصى بها هي 5 مجم مرة واحدة يوميا. يمكن إجراء تعديلات الجرعة بواسطة مقدم الرعاية الصحية بناءً على الاستجابة الفردية والحالة الطبية.
تامسولين 0.4 مجم 28 كبسولة معدلة الإطلاق,Tamsulin 0.4 mg 28 Modified Release Capsules,124,ماركيرل,الأدوية,امراض البروستاتا,تامسولوسين,No,علاج أعراض تضخم البروستاتا الحميدة (BPH) في الرجال ، غدة البروستاتا الموسعة. يمكن أن يشمل ذلك صعوبة التبول ، والتيار الضعيف ، والتبول المتكرر ، وخاصة في الليل.,البالغين: 1 كبسولة (0.4 مليجرام) مرة واحدة يوميا.
هايبوثايرونور 100 مكجم 100 قرص,Hypothyronor 100 mcg 100 Tablets,45,أكديما,الأدوية,اضطرابات الغدة الدرقية,ليفوثيروكسين,No,,
نافيل مشبك حبل سرى,Navel Clip For Children,5,N/A,العناية بالأم والطفل,مستلزمات العناية بالطفل,N/A,No,,
ديبوفيت بي12 1000 ميكروجرام 5 أمبولات 1 مل,Depovit B12-1000 mcg/ml 5 Ampoules,85,العامرية,فيتامينات & طعام صحي,فيتامين ب وب مركب,N/A,No,تكملة مستويات فيتامين ب 12 لدى البالغين.,
ميرونيم فيال 1 جم,Meronem 1 gm Vial,553,فايزر,الأدوية,مضادات حيوية,ميروبينيم,No,مضاد حيوي واسع الطيف. يستخدم لعلاج مجموعة متنوعة من الالتهابات، بما في ذلك: التهابات الجلد والأنسجة الرخوة التهاب رئوي التهاب السحايا تجرثم الدم يمكن استخدامه للبالغين والأطفال بعمر 3 أشهر فما فوق.,يختلف باختلاف العدوى التي يتم علاجها.
ميثيل فولات 800 / 1000 ميكرو جرام 30 كبسولة,Methyl Folate 800 mcg/1000 mcg 30 Capsules,150,اوركيديا,الأدوية,الحمل و الرضاعة,ميثيل فولات + ميثيل كوبالامين,No,الميثيل فولات هو شكل من أشكال الفولات الذي يتم امتصاصه بسهولة من قبل الجسم.,
إكسفورج اتش سي تي 25/160/10 مجم 14 قرص مغلف,Exforge HCT 10/160/25 mg 14 Film Coated Tablets,270,نوفارتس,الأدوية,أمراض القلب و الضغط و الدم,أملوديبين+فالسارتان+هيدروكلوروثيازيد,No,علاج ارتفاع ضغط الدم (ارتفاع ضغط الدم) وفشل القلب لدى البالغين.,تناول قرصًا واحدًا عن طريق الفم مرة واحدة يوميًا
فيجاموكس نقط للعين 5مل,Vigamox Eye Drops 5 ml,128,نوفارتس,الأدوية,عدوى العين,موكسيفلوكساسين,No,التهاب الملتحمة الجرثومي (العين الوردية) التهاب الجفون التهاب كيس الدمع الشعيرة التهاب غدد ميبوميان التهاب القرنية قرحة القرنية الوقاية قبل الجراحة وبعدها,للبالغين والأطفال فوق 4 أشهر: ضع نقطة واحدة في العين المصابة (أو العينين المصابتين) 2 أو 3 مرات يوميًا لمدة 7 أيام. للأطفال حديثي الولادة: ضع نقطة واحدة في العين المصابة (أو العينين المصابتين) 3 مرات يوميًا لمدة 7 أيام.
سيبرا برو 10 مجم 30 قرص مغلف,Cipra-Pro 10 mg 30 Film Coated Tablets,237,كوباد ايجيبت,الأدوية,علاجات الاكتئاب والفصام,إسيتالوبرام,No,الاكتئاب. اضطرابات القلق مثل اضطراب الهلع، اضطراب القلق الاجتماعي، اضطراب القلق العام، واضطراب الوسواس القهري.,10 مليجرام مرة واحدة يوميًا، أو حسب توجيهات طبيبك.
هاي بيوتيك 1 جم 16 قرص,Hibiotic 1 gm 16 Tablets,173,امون,الأدوية,مضادات حيوية,أموكسيسيلين + حمض الكلافولانيك,No,مضاد حيوي مزيج من الأموكسيسيلين وحمض الكلافولانيك يعالج الالتهابات البكتيرية,البالغين والأطفال 12 سنة فما فوق: 1 قرص كل 8 ساعات الأطفال 6-12 سنة: 1/2 قرص كل 8 ساعات الأطفال دون سن 6 سنوات: اسأل طبيبك عن الجرعة الصحيحة
هيرو فيتامين د3+ك2 نقط بالفم 10 مل,Hero Vitamin D3+K2 Oral Drop 10 ml,140,هيرو بيبي,العناية بصحة الأطفال,فيتامينات متعددة,N/A,No,,
تلفاست 30مجم/5مل شراب 100 مل,Telfast 30 mg/5 ml Suspensoin 100 ml,63,سانوفى,الأدوية,أدوية لا تسبب النعاس,فيكسوفينادين,No,إذابة أعراض التهاب الأنف التحسسي الموسمي والدائم (حمى القش والحساسية على مدار العام)، مثل العطس وسيلان أو انسداد الأنف والحكة والدموع والعيون الحمراء. إذابة أعراض الارتيكاريا المزمن مجهول السبب (خلايا النحل أو طفح نبات القراص)، مثل التورمات الوردية إلى الحمراء والحكة على الجلد.,البالغين والأطفال بعمر 12 سنة فما فوق: 10 مل (2 كوب قياس) مرة واحدة يوميًا. الأطفال من 6 إلى 11 سنة: 5 مل (كوب قياس واحد) مرتين يومياً. الأطفال من عمر 2 إلى 11 سنة: 5 مل (كوب قياس واحد) مرتين يومياً. الأطفال من عمر 6 أشهر إلى أقل من سنتين: 2.5 مل (نصف كوب قياس) مرتين يوميًا.
وايت مناديل مبللة مضادة للبكتيريا بالليمون 50 منديل,White Tissue Antibacterial Lemon 50 Wipes,33,وايت,العناية اليومية,مناديل & ورقيات,N/A,No,,
فيوسيكورت كريم 30 جرام,Fucicort Cream 30 gm,100,مينا فارم,الأدوية,عدوى الجلد,بيتاميثازون + حمض الفوسيديك,No,كريم كورتيكوستيرويد موضعي ومضاد حيوي. يعالج الإكزيما أو التهاب الجلد الذي يصاب بالعدوى البكتيرية الحساسة لحمض الفيوسيدك. يخفف من علامات الالتهاب الجلدية ، مثل: الانتفاخ والاحمرار والحكة.,ضع طبقة رقيقة على المنطقة المصابة مرتين يومياً.
فالفاست اختبار الحمل المبكر,Valfast Early Pregnancy Test,115,N/A,الأجهزة والمستلزمات الطبية,الاختبارات المنزلية,N/A,No,,
كونكور 5 بلس 30 قرص مغلف,Concor Plus 5/12.5 mg 30 Film-Coated Tablets,72,ميرك,الأدوية,أمراض القلب و الضغط و الدم,بيسوبرولول+هيدروكلوروثيازيد,No,علاج ارتفاع ضغط الدم (ارتفاع ضغط الدم).,الجرعة البدئية المعتادة هي قرص واحد مرة واحدة يوميًا. يمكن أن يقوم طبيبك بضبط الجرعة حسب استجابة ضغط الدم الخاصة بك. الجرعة القصوى الموصى بها هي قرصين مرة واحدة يوميًا.
سي اتش ألفا بلس 10 أكياس,Ch Alpha Plus 10 Sachets,395,بيوتيك,فيتامينات & طعام صحي,كولاجين,N/A,No,,
بيونال 30 كبسولة,Bional 30 Capsules,192,مالتى كير,الأدوية,أدوية تحسين وظائف الكبد و المرارة,N/A,No,دعم صحة الكبد. تعزيز الجهاز المناعي. تحسين إزالة السموم. الحماية من الإجهاد التأكسدي. دعم الوظيفة الإدراكية. تحسين الأداء البدني.,
اتوريزا 20/10 مجم 21 قرص مغلف,Atoreza 10/20 mg 21 Film Coated Tablets,141,ماركيرل,الأدوية,أمراض القلب و الضغط و الدم,إزيتيميب+أتورفاستاتين,No,يُستخدم لخفض مستويات الكولسترول والتريجليسيريدات في الدم. قد يساعد في الوقاية من أمراض القلب.,قرص واحدة مرة واحدة يوميًا.
اركوكسيا 90 مجم 14 قرص,Arcoxia 90 mg 14 Tablets,239,ميرك,الأدوية,مسكنات وخافض الحرارة,إتوريكوكسيب,No,تخفيف الألم والالتهاب في المفاصل والعضلات لدى الأشخاص المصابين بهشاشة العظام والتهاب المفاصل الروماتويدي والتهاب الفقار المقسط والنقرس. علاج الألم المتوسط المرتبط بجراحة الأسنان.,الجرعة الموصى بها لهشاشة العظام والتهاب المفاصل الروماتويدي والتهاب الفقار المقسط هي 30 مليجرام مرة واحدة يوميًا، مع زيادة الجرعة إلى 60 مليجرام كحد أقصى مرة واحدة يوميًا إذا لزم الأمر. الجرعة الموصى بها لنوبة النقرس الحادة هي 120 مليجرام مرة واحدة يوميًا لمدة تصل إلى 8 أيام. الجرعة الموصى بها لألم جراحة الأسنان بعد الجراحة هي 90 مليجرام مرة واحدة يوميًا لمدة تصل إلى 3 أيام.
زيثروماكس 500 مجم 3 أقراص مغلفة,Zithromax 500 mg 3 Film Coated Tablets,160,فايزر,الأدوية,مضادات حيوية,أزيثرومايسين,No,مضاد للجراثيم مضاد حيوي فئة ماكروليد,خذ 1 كبسولة عن طريق الفم مرة واحدة في اليوم لمدة 3 أيام.
سي-ريتارد 500 مجم 10 كبسولات,C-Retard 500 mg 10 Capsules,35,الحكمة,فيتامينات & طعام صحي,فيتامين ج,N/A,No,دعم وظيفة الجهاز المناعي، وتعزيز تخليق الكولاجين، والحماية من مضادات الأكسدة.,
ياسمين 21 قرص,Yasmin 21 Tablets,205,باير,الأدوية,موانع الحمل,إيثينيل إستراديول + دروسبيرينون,No,منع الحمل علاج حب الشباب تنظيم الدورات الشهرية الثقيلة أو غير المنتظمة تقليل أعراض ما قبل الحيض (PMS),قرص واحد عن طريق الفم مرة واحدة يوميًا
الفافيم 600 مجم 20 كبسولة,Alphavim 600 mg 20 Capsules,290,كوباد ايجيبت,فيتامينات & طعام صحي,فيتامينات متعددة,N/A,No,,
سيفترياكسون 1 جم 1 فيال للحقن الوريدي,Ceftriaxone 1 mg I.V. Vial,95,ساندوز,الأدوية,مضادات حيوية,سيفترياكسون,No,مضاد حيوي واسع المجال. يستخدم لعلاج أنواع مختلفة من العدوى البكتيرية مثل: الالتهاب الرئوي و السيلان و داء لايم.,تحدد بواسطة الطبيب.
نانازوكسيد 100 مجم/5 مل بودرة لعمل معلق يؤخذ عن طريق الفم 60 مل,Nanazoxid 100 mg/5 ml Powder For Oral Suspension 60 ml,39,يوتوبيا,العناية بصحة الأطفال,علاج الاسهال,N/A,No,هو مشتق صناعي للنيتروثيازوليل الساليسيلاميد، مضاد للديدان، في حالة البلهارسيات. يُستخدم لعلاج العدوى التالية: طفيليات الديدان جياردياز الأميبات طفيليات التريكومونا الكريبتوسبوريديوم,
الليربان شراب 100 مل,Allerban 1 mg / 5 ml Syrup 100 ml,33,ابيكس فارما,الأدوية,أدوية لا تسبب النعاس,كيتوتيفين,No,مضاد للهستامين. متاح على هيئة شراب بسعة 100 مل. مناسب للبالغين والأطفال الذين تبلغ أعمارهم 6 سنوات وما فوق.,البالغين والأطفال من 6 إلى 12 سنة: 5 مل (1 ملعقة صغيرة) مرة واحدة يوميًا.
رونزا مناديل جيب مبللة 15 منديل,Ronza Wet Wipes 15 Wipes,10,رونزا,العناية اليومية,مناديل & ورقيات,N/A,No,,
برافوتين 100 مجم 30 كيس,Pravotin 100 mg 30 Sachets,405,هايجنت,فيتامينات & طعام صحي,لاكتوفيرين,N/A,No,,
شفرات حلاقة الوجه و الحواجب 3 قطع.,Eyebrow Razor Shaving Facial Body Hair 3 Pieces,50,N/A,العناية اليومية,ازالة الشعر للنساء,N/A,No,,
"هاند جيل كحول 70%, 80 مل",Hand Gel Alcohol 70 % 80 ml,16,N/A,العناية اليومية,مطهرات,N/A,No,,
ابيماج بودرة فوارة 12 كيس,Epimag Effervescent Powder 12 Sachets,26,إيبيكو,الأدوية,حصوات الكلى,سيترات المغنيسيوم,No,تخفيف الإمساك. منع عودة حصى الكالسيوم أوكسالات الكلى. معادلة حموضة البول.,
حرير سويت لإزالة الشعر بالورد 100 جم,Harir Hair Removal Sweet With Flowers 100 gm,25,N/A,العناية اليومية,ازالة الشعر للنساء,N/A,No,,
تراي ميد فلو 20 قرص,Trimed Flu 20 Film Coated Tablets,58,مينا فارم,الأدوية,أدوية نزلات البرد والانفلونزا,لوراتادين + باراسيتامول + سودوإيفيدرين,No,تخفيف الأعراض المصاحبة للحساسية ونزلات البرد. التخفيف من احتقان الأنف والصداع والحمى.,تناول قرص واحد كل 4 إلى 6 ساعات حسب الحاجة. لا تتجاوز الجرعة الموصى بها.
جارنييه ماء ميسيلار منظف للبشرة 100 مل,Garnier Micellar Cleansing Water 100 ml,110,جارنييه,العناية بالبشرة و الجسم,تونر & ماء ميسلار,N/A,No,,
أوستيوكير شراب 120 مل,Osteocare Liquid 120 ml,120,فيتابيوتكس,فيتامينات & طعام صحي,كالسيوم,N/A,No,,
مريوفيرت فيال 150 وحدة دولية,Meriofert 150 I.U Vial 10 mg,1320,ماركيرل,الأدوية,أدوية الخصوبة,الغدد التناسلية انقطاع الطمث البشري (FSH + LH),Yes,علاج العقم عند النساء اللواتي لا يبويضن (لا ينتجن البويضات) تحفيز التبويض لدى النساء اللواتي يخضعن للتخصيب في المختبر (IVF) تحفيز المبايض لإنتاج المزيد من البويضات لدى النساء المصابات بمتلازمة المبيض المتعدد الكيسات (PCOS),ستختلف الجرعة حسب احتياجات المريض الفردية. الجرعة الأولية النموذجية هي 75-150 وحدة دولية في اليوم. قد يتم زيادة الجرعة تدريجيًا بمرور الوقت ، حسب الحاجة.
ليدوكايين مخدر موضعي سبراي 15 مل,Lidocaine Anesthetic Spray 15 ml,38,أدكو,الأدوية,مخدر موضعي,ليدوكائين,No,هو مخدر موضعي يُستخدم لتخدير الجلد. هو متوفر دون وصفة طبية ويُستخدم لأغراض متنوعة، بما في ذلك: وشم الجسم إزالة الشعر بالشمع الثقب لدغات الحشرات حروق بسيطة الإكزيما بواسير,الجرعة الموصى بها ستختلف اعتمادًا على احتياجات المريض الفردية والغرض من استخدامه. من المهم اتباع التعليمات الموجودة على العبوة أو التحدث إلى الطبيب بشأن الجرعة الصحيحة.
فينادون شراب 100 مل,Phenadone Syrup 100 ml,37,أدكو,الأدوية,أدوية تسبب النعاس,كلورفينيرامين+ديكساميثازون,No,دواء يصرف بوصفة طبية يُستخدم لعلاج حالات الحساسية وأمراض الجهاز التنفسي ونزلات البرد الشائعة والأمراض التنفسية والحساسية والتهاب المفاصل واضطرابات الروماتيزم والتهاب الأنف و مسببات الحساسية والحكة في الحلق / الجلد.,تعتمد الجرعة على حالة المريض و احتياجاته من المهم اتباع تعليمات الطبيب و الالتزام بالجرعة المحددة
سالفكس بارد وساخن 3 لاصقات,Sulfax Cool & Hot 3 Sheets,50,باركفيل,الأدوية,مسكنات موضعية للالام,N/A,No,التخفيف المؤقت للأوجاع والآلام البسيطة المصاقرص للالتهاب المفصلي، والتهابات العضلات، والالتواءات، وآلام الظهر، والصداع البسيط، وتشنجات الدورة الشهرية.,ضعي طبقة رقيقة من سولفاكس كول آند هوت على المنطقة المصابة لا تزيد عن 3 إلى 4 مرات يوميًا.
اندرال 10 مجم 50 قرص,Inderal 10 mg 50 Tablets,75,أسترازينيكا,الأدوية,أمراض القلب و الضغط و الدم,بروبرانولول,No,دواء يحتاج إلى وصفة طبية يُستخدم لعلاج ارتفاع ضغط الدم واضطرابات ضربات القلب غير المنتظمة والرعشة (التشنجات) وحالات أخرى.,الجرعة ستختلف حسب احتياجات المريض الفردية.
مالتي ريلاكس 5 مجم 20 قرص,Multi-Relax 5 mg 20 Tablets,36,ابيكس فارما,الأدوية,مسكن و باسط للعضلات,سيكلوبنزابرين,No,هو دواء باسط للعضلات يستخدم لعلاج تشنجات العضلات المرتبطة بمشكلات الجهاز العضلي الهيكلي الحادة والمؤلمة,5-10 مليجرام 3 مرات يوميًا ، حسب الحاجة
زيرتك شراب 100 مل,Zyrtec Syrup 100 ml,51,جي إس كيه,العناية بصحة الأطفال,أدوية تسبب النعاس,N/A,No,إذابة أعراض الحساسيةالناتجة عن حمى القش أو غيرها من حساسية الجهاز التمثائلي العلوي، مثل: سيلان الأنف العطس حكة في العيون و فرط إفراز الدموع حكة في الأنف أو الحلق إذابة الحكة والتورم الناتجعن الارتيكاريا المزمن (خلايا النحل),
جيليت سيمبلي فينوس ماكينة حلاقة نسائية 1 ماكينة,Gillette Simply Venus Disposable Razor 1 Razor,28,جيليت,العناية اليومية,أدوات الحلاقة والتشذيب,N/A,No,,
بيبيلاك 2 لبن أطفال بالحديد - 400 جم,Bebelac 2 Milk With Iron 400 gm,345,بيلاك,العناية بالأم والطفل,حليب اطفال المرحلة الثانية,N/A,No,,
فيوسيدين مرهم 15 جم,Fucidin Ointment 15 gm,56,مينا فارم,الأدوية,عدوى الجلد,حمض الفوسيديك,No,تعامل مع مجموعة متنوعة من التهابات الجلد البكتيرية ، مثل القوباء ، والتهاب الجريبات ، والأكزيما.,تختلف تبعا لشدة العدوى. يرجى استشارة طبيبك أو الصيدلي لمزيد من المعلومات.
برونشيكم إلكسير شراب 100 مل,Bronchicum Elixir Syrup 100 ml,78,سانوفى,الأدوية,أدوية الكحة,N/A,No,تخفيف الأعراض المصاحبة لالتهاب الشعب الهوائية الحاد، بما في ذلك السعال واحتقان الصدر وتهيج الحلق.,
وايت مناديل 3 طبقات 500 مناديل (3 عبوات),White Tissue 3 Layers 500 Tissues (3 Pieces Bundle),110,وايت,العناية اليومية,مناديل & ورقيات,N/A,No,,
ليمتلس بي كومبلكس أو دي إف 30 فيلم سريع الذوبان في الفم,Limitless B Complex ODF 30 Oral Dispersible Films,150,ليمتلس,فيتامينات & طعام صحي,فيتامين ب وب مركب,N/A,No,,
ريد بدون رائحة 400 مل ازرق,Raid Odorless Flying Insect Killer 400 ml,132,رايد,العناية اليومية,طارد الحشرات,N/A,No,,
فازلين جل الأصلي للعناية بالبشرة 50 مل,Vaseline Original Jelly 50 ml,82,فازلين,العناية بالبشرة و الجسم,مرطبات الجسم,N/A,No,,
كيريلا لوشن 30 مل,Kerella Lotion 30 ml,31,جلوبال نابى,الأدوية,ملطف موضعي و مضاد للالتهاب,بيتاميثازون + حمض الساليسيليك,No,علاج مشاكل الجلد التي تشمل طبقة من القشور التي تغطي الجلد المصاب، مثل الأكزيما الحزازية المزمنة، والحزاز المسطح، والحزاز البسيط، والصدفية اللوحية المزمنة.,ضع طبقة رقيقة من اللوشن على المنطقة المصابة مرة أو مرتين يوميًا ، أو حسب توجيهات طبيبك.
إبيفاسي 5000 وحدة دولية 1 امبول للحقن العضلي + 1 أمبول مذيب,Epifasi 5000 I.U. 1 Ampoule + Ampoule Of Solvent For IM Injection,500,إيبيكو,الأدوية,أدوية الخصوبة,الغدد التناسلية المشيمية البشرية,No,تحفيز الإباضة لدى النساء المصابات بالعقم دعم وظيفة المرحلة الأصفري لدى النساء اللواتي يخضعن لتقنيات الإنجاب المساعدة (ART) علاج الخصية المعلقة والتأخر في البلوغ لدى الأولاد زيادة عدد الحيوانات المنوية لدى الرجال المصابين بقصور الغدد التناسلية التحتي المهاد,5000 وحدة دولية لكل أمبولة ملاحظة: هذه مجرد نظرة عامة على Epifasi 5000 Iu. من المهم التحدث إلى طبيبك حول الجرعة وخطط العلاج المحددة المناسبة لك.
ليميتليس وومان ماكس 30 قرص مغلف,Limitless Woman Max 30 Film Coated Tablets,265,ليمتلس,فيتامينات & طعام صحي,فيتامينات متعددة,N/A,No,دعم صحة المرأة والحفاظ على مستويات الطاقة.,
سريبروليسين 5 أمبولات × 5 مل,Cerebrolysin 5 Ampoules × 5 ml,890,N/A,الأدوية,منبهات الجهاز العصبي,N/A,No,الاضطرابات الحادة والمزمنة في الجهاز العصبي المركزي (CNS)، مثل السكتة الدماغية وإصابة الدماغ الصدمية (TBI) والخرف وتدهور القدرات الإدراكية.,البالغين: 10-20 مل يوميًا لمدة 10-30 يومًا الأطفال: 5-10 مل يوميًا لمدة 10-30 يومًا
سيكودال 1 مجم/مل محلول للشرب 30 مل,Psychodal Oral Liquid 30 ml,67,دلتا فارما,الأدوية,علاجات الاكتئاب والفصام,ريسبيريدون,No,يحتوي سائل سيكودال الفموي على المادة الفعالة ريسبيريدون، التي تنتمي إلى فئة من الأدوية تعرف باسم مضادات الذهان غير التقليدية. يستخدم ريسبيريدون في المقام الأول لعلاج مختلف حالات الصحة العقلية، بما في ذلك الفصام، والاضطراب ثنائي القطب، والتهيج المرتبط باضطراب طيف التوحد.,تختلف جرعة Psychodal Oral Liquid (ريسبيريدون) حسب حالة الفرد واستجابته للعلاج. يبدأ العلاج عادة بجرعة منخفضة ويتم زيادتها تدريجيًا لتحقيق التأثير العلاجي المطلوب. الجرعة الأولية الموصى بها للبالغين المصابين بالفصام هي عادة 2 ملغ يوميًا، تؤخذ مرة أو مرتين يوميًا. بالنسبة للاضطراب ثنائي القطب، قد تتراوح جرعة البدء من 1 إلى 2 ملغ يوميًا.
سباير كليرسال غسول لحب الشباب 200 مل,Spire Clearsal Gentle Anti Acne Cleanser 200 ml,220,سباير,العناية بالبشرة و الجسم,غسول الوجه,N/A,No,,
زيروفازيت 10/20 مجم 30 قرص مغلف,Zyrovazet 10 mg/20 mg 30 Film Coated Tablets,294,اكسيدا فارما,الأدوية,أمراض القلب و الضغط و الدم,إيزيتيميب+روزوفاستاتين,No,خفض مستويات الكوليسترول في الدم، بما في ذلك الكوليسترول منخفض الكثافة (LDL) والثلاثي جليسريدات، والكوليسترول الإجمالي، وزيادة مستويات الكوليسترول من الكثافة العالية (HDL). تقليل خطر الإصابة بأزمة قلبية وجلطة دماغية وأحداث قلبية وعائية أخرى.,الجرعة البدئية العادية لزيروفازيت هي 10 مليجرام/10 مليجرام مرة واحدة يوميًا. قد يقوم طبيبك بضبط جرعتك حسب الحاجة.
سيبروديازول 500/500 مجم 20 قرص مغلف,Ciprodiazole 500/500 mg 20 Film Coated Tablets,148,مينا فارم,الأدوية,مضادات حيوية,ميترونيدازول+سيبروفلوكساسين,No,للأمراض البطنية والحوضية الداخلية التهاب الزائدة الدودية العدوى المختلطة الناتجة عن البكتيريا الهوائية والبكتيريا اللاهوائية,قرص واحد كل 12 ساعة، بعد تناول الوجبات.
فولتارين إيملجل 100 جم,Voltaren Emulgel 100 gm,101,جي إس كيه,الأدوية,مسكنات موضعية للالام,N/A,No,علاج الألم والتهاب العضلات والمفاصل,2.5-5 جرام لكل استخدام
هيلثي رباط ضاغط مقاس 15 سم,Healthy Elastic Bandage 15 Cm,40,هيلثى,الأجهزة والمستلزمات الطبية,ضمادة مرنة,N/A,No,,
ترايكتين 4 مجم 20 قرص,Triactin 4 mg 20 Tablets,46,القاهرة,الأدوية,أدوية تسبب النعاس,سايبروهيبتادين,No,تخفيف أعراض الحساسية مثل العيون المائية، سيلان الأنف، حكة في العيون/الأنف، عطاس، الارتيكاريا، والحكة. زيادة الشهية لدى الأطفال الذين يعانون من حالات طبية معينة.,
سومازينا سوبرا 100 مجم/مل محلول فموي 30 مل,Somazina Supra 100 mg/ml Oral Solution 30 ml,250,فينكس,الأدوية,منبهات الجهاز العصبي,N/A,No,,
فياجرا 100 مجم 4 قرص مغلف,Viagra 100 mg 4 Film Coated Tablets,144,فايزر,الصحة الجنسية,علاج ضعف الانتصاب لدى الرجال,N/A,No,علاج ضعف الانتصاب (العجز الجنسي) في الرجال.,قرص واحد (100 ملغ) حسب الحاجة، ولا يجب تجاوز الجرعة اليومية مرة واحدة.
تريفلوكان 150 مجم 1 كبسول,Treflucan 150 mg 1 Capsule,28,إيبيكو,الأدوية,مضاد للفطريات,فلوكونازول,No,عدوى المبيضات المهبلية القلاع الفموي البلعومي القلاع المريئي عدوى المبيضات في الجلد والأظافر وأجزاء أخرى من الجسم التهاب السحايا الناتج عن المكورات النخامية الوقاية من العدوى الفطرية في المرضى الذين يخضعون لعملية زرع نخاع العظم,تختلف الجرعة حسب نوع وشدة العدوى. بالنسبة لعدوى المبيضات المهبلية، الجرعة المعتادة هي كبسولة واحدة 150 مليجرام. بالنسبة لأنواع العدوى الفطرية الأخرى، الجرعة المعتادة هي 150-400 مليجرام يوميًا. يجب الاستمرار في العلاج لمدة أسبوعين على الأقل لمعظم العدوى الفطرية.
أتور 20 مجم 10 أقراص مغلفة,Ator 20 mg 10 Film Coated Tablets,79,إيبيكو,الأدوية,أمراض القلب و الضغط و الدم,أتورفاستاتين,No,,
توبرين 0.3% قطرة للعين 5 مل,Tobrin 0.3% Eye Drops 5 ml,23,إيبيكو,الأدوية,عدوى العين,توبراميسين,No,علاج عدوى العين البكتيرية التي تسببها سلالات البكتيريا الحساسة ، بما في ذلك: التهاب الملتحمة التهاب الجفن التهاب القرنية قرحات القرنية,ضع خط رفيعًا من المرهم على العين (العينين) المصابة 3-4 مرات يوميًا أو حسب توجيهات الطبيب.
تريبسوكسير 30 قرص قابل للمضغ,Trypsoxir 10 Chewable Tablets,109,اليكسير فارما,فيتامينات & طعام صحي,أدوية من مستخلص النباتات,N/A,No,,
ثيوتاسيد مركب 600 مجم 30 قرص مغلف,Thiotacid Compound 600 mg 30 Film Coated Caplets,249,ايفا فارما,فيتامينات & طعام صحي,فيتامين ب وب مركب,N/A,No,,
جوسبرين 81 مجم 60 قرص مغلف معوي,Jusprin 81 mg 60 Enteric Coated Tablets,81,جلفار,الأدوية,أمراض القلب و الضغط و الدم,حمض الأسيتيل ساليسيليك,No,هو دواء يصرف بوصفة طبية يُستخدم لمنع النوبات القلبية والسكتات الدماغية، وعلاج الألم الخفيف إلى المعتدل، وكذلك لتقليل الحمى أو الالتهاب.,تختلف الجرعة حسب احتياجات المريض الفردية، ومن المهم اتباع تعليمات الطبيب عند تناول هذا الدواء.
داونوبرازول 400 مجم/1100 مجم 30 كبسولة جيلاتينية صلبة,Downoprazol 40 mg/1100 mg 14 Hard Gelatin Capsules,96,يوتوبيا,الأدوية,مضادات الحموضة و قرحة المعدة,أوميبرازول+بيكربونات الصوديوم,No,,
جوانتي بلاستيك للاستعمال مرة واحدة - 100 قفاز,Disposable Plastic Gloves - 100 Pieces,12,N/A,الأجهزة والمستلزمات الطبية,القفازات,N/A,No,,
جلوري حنة الشعر اسود 10 جرام,Glory Hair Henna Black 10 gm,55,جلورى,العناية بالشعر,حنة,N/A,No,,
تربتيزول 25 مجم 30 قرص مغلف,Tryptizol 25 mg 30 Film Coated Tablets,33,القاهرة,الأدوية,علاجات الاكتئاب والفصام,أميتريبتيل,No,الاكتئاب الألم العصبي صداع التوتر المزمن الوقاية من الصداع النصفي التبول الليلي في الأطفال الذين تتراوح أعمارهم بين 6 سنوات وأكثر,
سيتال 120 مجم 5 أقماع للأطفال,Cetal 120 mg 5 Rectal Suppositories For Children,13,إيبيكو,العناية بصحة الأطفال,مسكنات وخافض الحرارة,الباراسيتامول + السودوإيفيدرين,No,أقماع مخصصة للأطفال وتستخدم لتخفيف الألم الخفيف إلى المتوسط وخفض الحمى.,
ماكسوفاج إكس آر 1000 مجم 30 قرص ممتد المفعول,Maxophage XR 1000 mg 30 Extended Release Tablets,72,نكست فارما,الأدوية,أدوية مرض السكري,ميتفورمين,No,قرص ممتد المفعول يُستخدم لعلاج السكري من النوع 2.,1000 مليجرام
فيوسيدين كريم 20 جم,Fucidin Cream 20 gm,69,مينا فارم,الأدوية,عدوى الجلد,حمض الفوسيديك,No,علاج التهابات الجلد الناتجة عن البكتيريا ، مثل الجريبات ، التهاب الجريبات ، والدمامل.,ضع طبقة رقيقة من الكريمة على المنطقة المصابة ثلاث مرات في اليوم.
إيزاكارد 75 مجم 30 قرص مغلفة معوية,Ezacard 75 mg 30 Enteric Coated Tablets,51,ابيكس فارما,الأدوية,أمراض القلب و الضغط و الدم,حمض الأسيتيل ساليسيليك,No,هو دواء يصرف بوصفة طبية يُستخدم لمنع النوبات القلبية والسكتات الدماغية، وعلاج الألم الخفيف إلى المعتدل، وكذلك لتقليل الحمى أو الالتهاب.,تختلف الجرعة حسب احتياجات المريض الفردية، ومن المهم اتباع تعليمات الطبيب عند تناول هذا الدواء.
جوانتي لاتكس 100 قطعة مقاس lg,Latex Gloves Size L G 100 Pieces,250,N/A,الأجهزة والمستلزمات الطبية,القفازات,N/A,No,,
"سيجنال فرشاة اسنان تربل كلين, وسط","Signal Triple Clean Toothbrush, Medium",30,سيجنال,العناية اليومية,فرشاة اسنان,N/A,No,,
ابيليفاي 5 مجم 10 أقراص,Abilify 5 mg 10 Tablets,134.5,اوتسوكا,الأدوية,علاجات الاكتئاب والفصام,أريبيبرازول,No,علاج حالات الانفعال المعتدلة إلى الشديدة في اضطراب ثنائي القطب النوع الأول. الوقاية من حدوث نوبة مناعة جديدة لدى الببالغين مصابين بالاضطراب الثنائي القطب النوع الأول الذين خضعوا للعلاج بأريبيبرازول واستجابت نوبات الهياج للعلاج بأريبيبرازول.,الجرعة الابتدائية المعتادة لأبيليفي في علاج حالات الانفعال المعتدلة إلى الشديدة في اضطراب ثنائي القطب النوع الأول هي 10 مليجرام أو 15 مليجرام يوميًا. الجرعة الوقائية هي 15 مليجرام يوميًا. يمكن أن يكون أبيليفي فعّالًا في نطاق الجرعات من 10 مليجرام إلى 30 مليجرام يوميًا. لم يثبت وجود فعالية محسنة في الجرعات الأعلى من 10 مليجرام يوميًا، على الرغم من أن بعض المرضى قد يستفيدون من جرعة أعلى.
ديرماكتيف أكتي ريبير سيكا كريم 50 مل,Dermactive Acti Repair Cica Cream 50 ml,195,ديرماكتف,العناية بالبشرة و الجسم,كريمات مرممة و ملطفة للبشرة,N/A,No,,
بيكتول أقراص استحلاب بطعم البرتقال 240 قرص,Pectol Orange 240 Lozenges,25,بيكتول,الأدوية,التهاب الحلق,N/A,No,,
أنتوبرال 40 مجم 14 قرص,Antopral 40 mg 14 Gastro-Resistant Tablets,126,ساندوز,الأدوية,مضادات الحموضة و قرحة المعدة,بانتوبرازول,No,علاج مرض الارتداد المعدي المريئي (GERD). شفاء ومنع قرح المعدة والاثنى عشر. علاج متلازمة زولينجر-إليسون. القضاء على بكتيريا Helicobacter pylori.,قرص واحد مرة يوميًا.
ستار فيل قناع ورقي لتفتيح اللبشرة 1 قطعة,Starville Whitening Face Mask Sheet 1 Sheet,55,ستارفيل,العناية بالبشرة و الجسم,ماسكات للوجه,N/A,No,,
توبرادكس مرهم - 3.5جم,Tobradex Eye Ointment 3.5 gm,63,نوفارتس,الأدوية,عدوى العين,ديكساميثازون + توبرامايسين,No,علاج العدوى البكتيرية في العين. تقليل الالتهاب والانتفاخ في العين.,
كلوبكس 75 مجم 30 قرص مغلف,Clopex 75 mg 30 Film Coated Tablets,150,ماركيرل,الأدوية,أمراض القلب و الضغط و الدم,كلوبيدوغريل,No,منع تكون الجلطات الدموية لدى الأشخاص الذين لديهم تاريخ سابق للنوبة القلبية، السكتة الدماغية، أو أمراض الشرايين الطرفية. تقليل مخاطر الأحداث الأثيروثرومبوتيكية والثرومبويمبولية، بما في ذلك السكتة الدماغية، لدى الأشخاص الذين يعانون من اضطراب النظم الأذيني ولديهم عامل واحد على الأقل يزيد من مخاطر الأحداث الوعائية.,للبالغين: 75 مليجرام مرة واحدة يوميًا.
إكسفورج 160/5 مجم 14 قرص مغلف,Exforge 5/160 mg 14 Film Coated Tablets,218,نوفارتس,الأدوية,أمراض القلب و الضغط و الدم,أملوديبين + فالسارتان,No,التحكم في ضغط الدم (علاج ارتفاع ضغط الدم) عن طريق الجمع بين آثار أملوديبين وفالسارتان. قد يساعد في تقليل خطر الإصابة بالسكتة الدماغية والنوبات القلبية وغيرها من أمراض القلب والأوعية الدموية.,تحدد الجرعة بواسطة الطبيب.
بروكاسوفت 2 مجم 14 قرص,Prucasoft 2 mg 14 Tablets,118,ماركيرل,الأدوية,الملينات,بروكالوبريد,No,علاج الإمساك المزمن مجهول السبب (CIC) عند البالغين. CIC هي حالة يعاني فيها الأشخاص من صعوبة في التبرز بشكل متكرر بما فيه الكفاية.,قرص واحد عن طريق الفم مرة واحدة يوميًا، مع أو بدون طعام.
أومنيفورا 8 أمبولات للحقن العضلي 2 مل,Omnevora I.M 8 Ampoules,128,راميدا,فيتامينات & طعام صحي,فيتامين ب وب مركب,N/A,No,,
دلتافيت بي 12 1000 مجم 30 قرص,Deltavit B12 1 mg 30 Sublingual Tablets,75,دلتا فارما,فيتامينات & طعام صحي,فيتامين ب وب مركب,N/A,No,تكملة مستويات فيتامين ب 12 لدى البالغين.,
أبتاميل 2 تركيبة حليب الأطفال للمتابعة 400 جرام,Aptamil 2 Follow On Formula 400 gm,419,ابتاميل,العناية بالأم والطفل,حليب اطفال المرحلة الثانية,N/A,No,,
"اكوا تشيك انستانت شرائط تحليل سكر الدم, 50 شريط","Accu Chek Instant Diabetic Test Strips, 50 Strips",610,أكيو تشيك,الأجهزة والمستلزمات الطبية,سنون انسولين,N/A,No,,
إبيسيفين 2 جم 1 فيال للحقن الوريدي,Epicephin 2 gm I.V 1 Vial,77,إيبيكو,الأدوية,مضادات حيوية,سيفترياكسون,No,الجيل الثالث من السيفالوسبورين المضاد الحيوي تستخدم لعلاج مجموعة متنوعة من الالتهابات ، بما في ذلك التهاب السحايا البكتيري ، والالتهاب الرئوي ، والتهاب التهاب الأذن الوسطى الحاد ، والالتهابات المنقولة جنسياً فعالة ضد مجموعة واسعة من البكتيريا ، بما في ذلك البكتيريا الإيجابية للجرام ، سلبية الجرام ، واللاهوائية,الجرعة المعتادة للبالغين هي 1-2 جرام مرة واحدة يوميا الجرعة المعتادة للأطفال تتراوح بين 50 و 100 مليجرام/كجم مرة واحدة يوميًا
تايجر باور لاصقة تخفيف الالم,Tiger Plaster 1 Piece,17,الاسكندرية,الأدوية,مسكنات موضعية للالام,N/A,No,مسكن للألم يُستخدم موضعيًا. يُستخدم لتخفيف الألم والالتهابات الناتجة عن آلام العضلات وآلام المفاصل والصداع. يمكن أيضًا استخدامه لتخفيف الألم الناتج عن لدغات الحشرات ولدغات النحل والدبور.,يمكن وضعها على المنطقة المتأثرة ما يصل إلى 3 مرات في اليوم. من المهم قراءة التعليمات بعناية قبل الاستخدام.
اليكويس 5 مجم 20 قرص مغلف,Eliquis 5 mg 20 Film Coated Tablets,532,فايزر,الأدوية,أمراض القلب و الضغط و الدم,أبيكسابان,No,هو دواء بوصفة طبية ينتمي إلى مجموعة الأدوية المضادة للتجلط. يتم استخدام إليكويس لمنع تكون الجلطات الدموية في الأشخاص التالية: بعد جراحة استبدال الورك أو الركبة. منع الخفقان غير الصمامي في الأذين (حالة قلبية يمكن أن تزيد من خطر السكتة الدماغية). لتقليل خطر تكون الجلطات الدموية المتكررة لدى الأشخاص الذين سبق لهم أن تعرضوا لجلطة دموية.,الجرعة الموصى بها لإليكويس هي 2.5 مليجرام عن طريق الفم مرتين يوميًا. يجب تناول الجرعة الأولى بعد 12 إلى 24 ساعة من الجراحة.
كابل دياثيرمي,Diathermy Cables,70,N/A,الأجهزة والمستلزمات الطبية,أخرى,N/A,No,,
اوبونوف 20 قرص مغلف معوي,Oponov 20 Enteric Coated Tablets,135,كوباد ايجيبت,فيتامينات & طعام صحي,مضادات اكسدة,N/A,No,تخفيف الالتهاب والتورم المرتبط بحالات مختلفة مثل التهاب المفاصل أو الإصابة أو الجراحة.,
تادانيرفي 20 مجم 4 افلام تذوب سريعا,Tadanerfi 20 mg 4 Films Dissolvers Rapidly,126,نيرهادو,الصحة الجنسية,علاج ضعف الانتصاب لدى الرجال,N/A,No,علاج ضعف الانتصاب (ED) في الرجال علاج أعراض تضخم البروستات الحميد (BPH)، مثل صعوبة التبول والتبول المتكرر,تناول فيلم واحد قبل ممارسة النشاط الجنسي بين 30 دقيقة إلى 1 ساعة. لا تتناول أكثر من فيلم واحد في اليوم.
جلوكوفاج 1000 مجم 30 قرص مغلف,Glucophage 1000 mg 30 Film Coated Tablets,54,مينا فارم,الأدوية,أدوية مرض السكري,ميتفورمين,No,علاج مرض السكري من النوع 2,الجرعة الابتدائية المعتادة هي 500 مليجرام مرة واحدة يوميًا، تُؤخذ مع أو بعد الوجبة. يمكن زيادة الجرعة تدريجيًا إلى حد أقصى يوميًا قدره 2000 مليجرام، مُقسمة على جرعات متعددة.
هيرو بيبي دايجست لبن أطفال - 400جم,Hero Baby Digest Milk 400 gm,414,هيرو بيبي,العناية بالأم والطفل,الألبان ذات التركيبة الخاصة,N/A,No,,
شاش طبي 10 سم,Mediacal Gauze 10 Cm,8,N/A,الأجهزة والمستلزمات الطبية,العناية بالجروح والحروق,N/A,No,,
مالتي ريلاكس 10 مجم 20 قرص,Multi-Relax 10 mg 20 Tablets,42,ابيكس فارما,الأدوية,مسكن و باسط للعضلات,سيكلوبنزابرين,No,هو دواء باسط للعضلات يستخدم لعلاج تشنجات العضلات المرتبطة بمشكلات الجهاز العضلي الهيكلي الحادة والمؤلمة,5-10 مليجرام 3 مرات يوميًا ، حسب الحاجة
جينوفيل 50 قرص مغلف,Genuphil 50 Film Coated Tablets,310,ايفا فارما,فيتامينات & طعام صحي,الجلوكوزامين ، كوندرويتين & ام اس ام,N/A,No,دعم صحة المفاصل المساعدة في تقليل آلام المفاصل والالتهابات.,
جابا بلس شراب 120 مل,Gaba Plus Syrup 120 ml,350,N/A,العناية بصحة الأطفال,أدوية فرط الحركة وتشتت الانتباه,N/A,No,,
وايت مناديل 3 طبقات 400 مناديل (3 عبوات),White Tissue 3 Layers 400 Tissues (3 Pieces Bundle),80,وايت,العناية اليومية,مناديل & ورقيات,N/A,No,,
جي تي ان كريم للبواسير 25 جرام,GTN Cream 25 gm,48,N/A,الأدوية,التركيبات المعملية,إيزوسوربيد ثنائي النترات,No,- يخفف الألم الذي يسببه تشقق الشرج. - يسترخي العضلة المحيطة بالشرج. - يعزز تدفق الدم إلى بطانة الشرج.,
جليسرين 0.7 جرام للرضع 5 أقماع شرجية,Glycerin 0.7 gm For Infants 5 Rectal Suppositories,12,فاركو,العناية بصحة الأطفال,الملينات,N/A,No,تخفيف الإمساك عند الرضع والأطفال الصغار عن طريق تسهيل حركات الأمعاء.,
إلكارنيتين بلس 20 قرص,L - Carnitine Plus 20 Tablets,116,ميباكو فارما,فيتامينات & طعام صحي,أحماض أمينية,N/A,No,,
فليكتور 1% جل 25 جم,Flector 1% Topical Gel 25 gm,32,ماركيرل,الأدوية,مسكنات موضعية للالام,ديكلوفيناك إيبولامين,No,تقليل الألم والالتهاب الناتج عن هشاشة العظام والتهاب الأوتار والوذمة بعد الإصابة أو الجراحة.,ضع طبقة رقيقة من الجل على المنطقة المصابة 3-4 مرات يوميًا.
تلفاست 120 مجم 20 قرص,Telfast 120 mg 20 Tablets,116,سانوفى,الأدوية,أدوية لا تسبب النعاس,فيكسوفينادين,No,علاج التهاب الأنف التحسسي الموسمي (حمى القش) والتهاب الأنف التحسسي الدائم (الحساسية لأشياء مثل عث الغبار ووبر الحيوانات الأليفة) علاج خلايا النحل (الارتكاريا),البالغين والأطفال بعمر 12 سنة فما فوق: قرص واحد (120 مجم) مرة واحدة يوميًا
فيوسيكورت كريم 15 جم,Fucicort Cream 15 gm,60,مينا فارم,الأدوية,عدوى الجلد,بيتاميثازون + حمض الفوسيديك,No,كريم كورتيكوستيرويد موضعي ومضاد حيوي. يعالج الإكزيما أو التهاب الجلد الذي يصاب بالعدوى البكتيرية الحساسة لحمض الفيوسيدك. يخفف من علامات الالتهاب الجلدية ، مثل: الانتفاخ والاحمرار والحكة.,ضع طبقة رقيقة على المنطقة المصابة مرتين يومياً.
لاري برو أقراص استحلاب 20 قرص,Larypro 20 Tablets,44,أكتوبر فارما,الأدوية,التهاب الحلق,ديكوالينيوم + ليسوزيم,No,تخفيف وإدارة التهابات الحلق والالتهابات دعم لعلاج الالتهابات البكتيرية في الحلق,
كوجينتول 2 مجم 20 قرص,Cogintol 2 mg 20 Tablets,40,القاهرة,الأدوية,شلل الرعاش,بنزتروبين ميزيلات,No,علاج أعراض مرض باركنسون، مثل الرعاش، والتصلب، وبطء الحركة. علاج اضطرابات الحركة الناتجة عن بعض الأدوية النفسية (مضادات الذهان).,
شان لوشن للجسم 300 مل,Shaan Body Milk 300 ml,230,شان,العناية اليومية,معطرات ومرطبات الجسم للنساء,N/A,No,,
جيليت بلو 2 بلس ماكينة حلاقة نسائية 5 ماكينة,Gillette Blue 2 Plus Disposable Razor For Women 5 Razors,109,جيليت,العناية اليومية,ازالة الشعر للنساء,N/A,No,,
يوثيروكس 100 مكجم 100 قرص,Euthyrox 100 mcg 100 Tablets,158,ميرك,الأدوية,اضطرابات الغدة الدرقية,ليفوثيروكسين,No,,
زيثرون 500 مجم 3 أقراص مغلفة,Xithrone 500 mg 3 Film Coated Tablets,63,امون,الأدوية,مضادات حيوية,أزيثرومايسين,No,يستخدم هذا الدواء لعلاج مجموعة متنوعة من الالتهابات ، بما في ذلك: التهابات الصدر مثل الالتهاب الرئوي التهابات الأذن والأنف والحنجرة التهابات الجيوب الأنفية من المهم تناول هذا الدواء تمامًا كما يحدده طبيبك.,خذ قرصًا واحدًا عن طريق الفم مرة واحدة في اليوم لمدة 5 أيام.
سيكلوبروجينوفا 21 قرص,Cyclo-Progynova 21 Coated Tablets,76,باير,الأدوية,موانع الحمل,إستراديول فاليرات + نورجستريل,No,منع الحمل علاج نزيف الحيض الشديد علاج أعراض سن اليأس علاج متلازمة ما قبل الحيض (PMS) علاج الاندوميتريوزيس علاج الألم المرتبط بالاندوميتريوزيس,
دوفاستون 10 مجم 60 قرص مغلف,Duphaston 10 mg 60 Film Coated Tablets,462,أبوت,الأدوية,أدوية الخصوبة,ديدروجستيرون,No,هو هرمون البروجستيرون الاصطناعي المستخدم لعلاج مجموعة متنوعة من الحالات المتعلقة بالجهاز التناسلي الأنثوي. يمكن استخدامه لعلاج التنسج الرحمي النزيف الشهري غير المنتظم أو الشديد متلازمة قبل الحيض (PMS),
أتور 10 مجم 7 أقراص مغلفة,Ator 10 mg 7 Film Coated Tablets,45,إيبيكو,الأدوية,أمراض القلب و الضغط و الدم,أتورفاستاتين,No,,
توبيميثرين 50 مجم/مل لوسيون موضعي 50 مل,Topimethrin 50 mg/ml Topical Lotion 50 ml,55,مصر,الأدوية,عدوى الجلد,بيرميثرين,No,,
ليفوهستام 5 مجم/10 مل شراب 120 مل,Levohistam Syrup 120 ml,39,يوتوبيا,الأدوية,أدوية لا تسبب النعاس,ليفوسيتيريزين,No,تخفيف أعراض التهاب الأنف التحسسي (حمى القش) مثل العطس وسيلان الأنف أو انسداد الأنف وحكة الأنف أو العينين والعيون الدامعة. تخفيف الارتيكاريا.,البالغون والأطفال من سن 6 سنوات فما فوق: 5 مليجرام مرة واحدة يوميًا. الأطفال من 2 إلى 6 سنوات: 2.5 مليجرام مرة واحدة يوميًا. الأطفال أقل من 2 سنة: غير موصى به.
يوثيروكس 50 مكجم 100 قرص,Euthyrox 50 mcg 100 Tablets,105,ميرك,الأدوية,اضطرابات الغدة الدرقية,ليفوثيروكسين,No,,
آميبريد 50 مجم 30 قرص,Amipride 50 mg 30 Tablets,111,الأندلس,الأدوية,علاجات الاكتئاب والفصام,أميسولبريد,No,توصف أقراص أميبرايد 50 مجم في المقام الأول لعلاج الحالات النفسية مثل الفصام ونوبات الهوس الحادة المرتبطة بالاضطراب ثنائي القطب.,
فولتارين إيملجل 50 جم,Voltaren Emulgel 50 gm,68,جي إس كيه,الأدوية,مسكنات موضعية للالام,N/A,No,علاج الألم والتهاب العضلات والمفاصل,2.5-5 جرام لكل استخدام
بانثينول 2% كريم 20 جرام,Panthenol 2% Cream 20 gm,45,النيل,العناية بالبشرة و الجسم,مرطبات الجسم,N/A,No,يُستخدم كريم بانثينول 2% الموضعي لعلاج مجموعة متنوعة من حالات الجلد، بما في ذلك: الجلد الجاف والمتشقق الإكزيما التهاب الجلد الحروق الشمسية لدغات الحشرات التهيج بسبب الحلاقة طفح الحفاضات,
قسطرة نيلتون مقاس (24) لون لبني,Nelaton Catheter Size (24) Light Blue Color,10,نيلاتون,الأجهزة والمستلزمات الطبية,قساطر,N/A,No,,
سيجنال معجون اسنان مكافح التسوس25 مل,Signal Cavity Fighter Toothpaste 25 ml,17,سيجنال,العناية اليومية,معجون اسنان,N/A,No,,
ديفاكوت اي ار 500 مجم 20 قرص,Divakote E.R 500 mg 20 Tablets,106,الأندلس,الأدوية,أدوية الصرع,ديفالبروكس الصوديوم,No,اضطرابات النوبات. الحالات المعنوية النفسية الحادة أو المختلطة المرتبطة بالاضطراب الثنائي القطبي. الصداع النصفي.,
سيجنال معجون اسنان مكافح التسوس 50 مل,Signal Cavity Fighter Toothpaste 50 ml,32,سيجنال,العناية اليومية,معجون اسنان,N/A,No,,
أيزوتريتينوين 20 مجم 30 كبسولات جيلاتينية رخوة,Isotretinoin 20 mg 30 Soft Gelatin Capsules,372,رانباكسي,الأدوية,علاجات حب الشباب,الايزوتريتينوين,No,علاج الحالات الشديدة من حب الشباب عند البالغين والمراهقين.,تناول كبسولة واحدة بالفم مرة واحدة يوميًا.
نيكسيكور 40 مجم 30 قرص مغلف,Nexicure 40 mg 30 Film Coated Tablets,228,زيتا فارما,الأدوية,مضادات الحموضة و قرحة المعدة,إيزوميبرازول,No,هو دواء مثبط لمضخة البروتون يقلل من حموضة المعدة.,الجرعة الموصى بها من Nexicure 40Mg 20 الاقراص المغلفة هي قرص واحد يوميا.
أوف سبراي للبشرة طارد للناموس للعائلة 180 مل,Off Mosquito Repellent Spray 180 ml,225,جونسون,العناية اليومية,طارد الحشرات,N/A,No,,
فلاتيديل أقراص للمضغ 30 قرص,Flatidyl 40 mg 30 Chewable Tablets,54,القاهرة,الأدوية,مهضم ومضاد للانتفاخات,سيمثيكون,No,فلاتيديل هو دواء يستخدم تخفيف الغازات والانتفاخ. طريقة الاستعمال : امضغ 1-2 قرص بعد الوجبات وفي وقت النوم ، أو حسب توجيهات الطبيب.,
توسيسوب 30 مجم/5 مل شراب 100 مل,Tussistop 30 mg/5 ml Syrup 100 ml,49,أتكو فارما,الأدوية,أدوية الكحة,ليفودروبروبيزين,No,علاج السعال الجاف.,للبالغين والأطفال الذين تبلغ أعمارهم 12 عامًا فما فوق: 10 مل (2 ملعقة صغيرة) ثلاث مرات في اليوم. للأطفال الذين تتراوح أعمارهم بين 6 و12 عامًا: 5 مل (1 ملعقة صغيرة) ثلاث مرات في اليوم. للأطفال الذين تتراوح أعمارهم بين 2 و5 سنوات: 2.5 مل (نصف ملعقة صغيرة) ثلاث مرات في اليوم.
كيروفيت 15 كبسولة,Kerovit 15 Capsules,150,امون,فيتامينات & طعام صحي,فيتامينات متعددة,N/A,No,كيروفيت هو مكمل غذائي مصمم لدعم الصحة العامة من خلال توفير الفيتامينات والمعادن الأساسية التي قد تكون ناقصة في النظام الغذائي.,
كوليروز بلس 10/20 مجم 28 قرص مغلف,Cholerose Plus 10/20 mg 28 Film Coated Tablets,276,ماركيرل,الأدوية,أمراض القلب و الضغط و الدم,إيزيتيميب+روزوفاستاتين,No,كوليروز بلس هو دواء مركب يستخدم لخفض الكوليسترول. يحتوي على اثنين من المواد الفعالة: روزوفاستاتين و إزيتيميب.,الجرعة المعتادة هي قرص واحد مرة واحدة يوميا. قد يقوم طبيبك بضبط جرعتك بناءً على احتياجاتك و حالتك الصحية.
نيتروماك ريتارد 2.5 مجم 60 كبسولة,Nitromak Retard 2.5 mg 60 Capsules,96,أكتوبر فارما,الأدوية,أمراض القلب و الضغط و الدم,نيتروجليسيرين,No,هو دواء وصفة طبية منع وعلاج الذبحة الصدرية (ألم الصدر). إنه موسع للأوعية ، مما يعني أنه باسط للأوعية الدموية ويحسن تدفق الدم إلى القلب.,الجرعة العادية لنيتروماك ريتارد هي 5 مليجرام مرة واحدة يوميًا. ومع ذلك، يمكن تعديل الجرعة حسب احتياجات الفرد.
بيبون بلس 20 كبسولة,Pepon Plus 20 Capsules,150,ميباكو فارما,فيتامينات & طعام صحي,مكملات عشبية أخرى,N/A,No,,
تارج 80 مجم 14 قرص مغلف,Tareg 80 mg 14 Film Coated Tablets,148,نوفارتس,الأدوية,أمراض القلب و الضغط و الدم,فالسارتان,No,يستخدم هذا الدواء لعلاج ارتفاع ضغط الدم. ويمكن استخدامه أيضًا لعلاج قصور القلب أو لتقليل خطر الإصابة بالسكتة الدماغية.,قرص واحد يومياً.
كريستور 20 مجم 28 قرص مغلف,Crestor 20 mg 28 Film Coated Tablets,600,أسترازينيكا,الأدوية,أمراض القلب و الضغط و الدم,روزوفاستاتين,No,لخفض مستويات الكوليسترول في الدم ، بما في ذلك الكوليسترول الضار والدهون الثلاثية. لزيادة مستويات الكوليسترول الحميد (جيد). لتقليل خطر الإصابة بالنوبات القلبية والسكتة الدماغية ومشاكل القلب والأوعية الدموية الأخرى.,جرعة البدء المعتادة هي 5 أو 10 مليجرام مرة واحدة يوميا. قد يقوم طبيبك بتعديل جرعتك حسب الحاجة ، بناء على مستويات الكوليسترول لديك والاستجابة للعلاج. الجرعة القصوى الموصى بها هي 40 مجم مرة واحدة يوميا.
نوستامين قطرة 15 مل,Nostamine Eye/Nose Drops 15 ml,22,إيبيكو,الأدوية,مضاد للالتهابات للعين,كلورفينييرامين+نافازولين,No,تخفيف أعراض الحساسية التي تصيب العين والأنف تخفيف مؤقت لاحتقان الأنف وحكة العين,اتبع الجرعة الموصى بها كما ينصح مقدم الرعاية الصحية لا تتجاوز الجرعة الموصوفة
نانازوكسيد 500 مجم 18 قرص,Nanazoxid 500 mg 18 Tablets,114,يوتوبيا,الأدوية,علاج الاسهال,نيتازوكسانيد,No,دواء مُضاد للبروتوزوا يُستخدم لعلاج الإسهال الذي يسببه جيارديا لامبليا وكريبتوسبوريديوم بارفوم. يعمل بالتدخل في عملية الأيض لدى الطفيليات.,البالغين والأطفال الذين تزيد أعمارهم عن 12 سنة: تناول 1 قرص عن طريق الفم مرتين يومياً لمدة 3 أيام. الأطفال الذين تقل أعمارهم عن 12 سنة: تحدث إلى طبيبك.
سيرفيتام 20 كبسولة,Cervitam 20 Capsules,118,ايجي فار,الأدوية,منبهات الجهاز العصبي,بيراسيتام + فينكامين,No,هو مكمل غذائي يساعد على تحسين وظائف الدماغ والذاكرة والتركيز. - يحتوي على مزيج من بيراسيتام و فينكامين، وكلاهما معروفان بتأثيراتهما المحسنة للقدرات العصبية.,
سيفترياكسون 1 جم 1 فيال للحقن العضلى,Ceftriaxone 1 gm I.M. Vial,95,ساندوز,الأدوية,مضادات حيوية,سيفترياكسون,No,مضاد حيوي واسع المجال. يستخدم لعلاج أنواع مختلفة من العدوى البكتيرية مثل: الالتهاب الرئوي و السيلان و داء لايم.,تحدد بواسطة الطبيب.
ماسكو ميد كيس جمع بول 2000 مل,Masco Mid Urinary Drainage Bag 2000 ml,15,ماسكو ميد,الأجهزة والمستلزمات الطبية,اكياس جمع البول,N/A,No,,
رينيو مالتي بلس محلول عدسات لاصقة 120 مل,Renu Multi Plus Contact Lenses Solution 120 ml,355,بوش اند لومب,منتجات التجميل و الاكسسوارات,محلول العدسات,N/A,No,,
أنتينال 220 مجم /5 مل 60 مل معلق,Antinal 220 mg/5 ml Suspension 60 ml,24,امون,العناية بصحة الأطفال,علاج الاسهال,N/A,No,دواء من مضادات العدوى يستخدم لعلاج الإسهال الناتجعن البكتيريا. يعمل عن طريق قتل البكتيريا التي تسبب الإسهال.,
أومنيك أوكاس 0.4 مجم 30 كبسولة,Omnic Ocas 0.4 mg 30 Modified Release Capsules,282,استيلاس فارما,الأدوية,امراض البروستاتا,تامسولوسين,No,علاج أعراض المسالك البولية السفلية (LUTS) المرتبطة بتضخم البروستاتا الحميد (BPH) عند الرجال.,كبسولة واحدة يوميًا.
أكرتين 0.05% كريم موضعي 30 جرام,Acretin 0.05% Topical Cream 30 gm,43,جمجوم فارما,الأدوية,علاجات حب الشباب,تريتينوين,No,,
كولشيسين 500 ميكروجرام 100 قرص,Colchicine 500 mcg 100 Tablets,190,النصر,الأدوية,حصوات الكلى,كولشيسين,No,علاج نوبات النقرس الحادة. منع نوبات النقرس المتكررة. علاج الحمى البحر الأبيض المتوسط.,1-2 قرص (500-1000 ميكروجرام) مرة أو مرتين يوميًا لمنع نوبات النقرس. 2 أقراص (1 مليجرام) تليها قرص واحد (500 ميكروجرام) كل ساعة حتى يتم تخفيف الألم والتورم لعلاج نوبات النقرس الحادة. لا تتناول أكثر من 6 مليجرام (12 أقراص) في فترة 24 ساعة.
زيروفازيت 10/10 مجم 30 قرص مغلف,Zyrovazet 10 mg/10 mg 30 Film Coated Tablets,216,اكسيدا فارما,الأدوية,أمراض القلب و الضغط و الدم,إيزيتيميب+روزوفاستاتين,No,خفض مستويات الكوليسترول في الدم، بما في ذلك الكوليسترول منخفض الكثافة (LDL) والثلاثي جليسريدات، والكوليسترول الإجمالي، وزيادة مستويات الكوليسترول من الكثافة العالية (HDL). تقليل خطر الإصابة بأزمة قلبية وجلطة دماغية وأحداث قلبية وعائية أخرى.,الجرعة البدئية العادية لزيروفازيت هي 10 مليجرام/10 مليجرام مرة واحدة يوميًا. قد يقوم طبيبك بضبط جرعتك حسب الحاجة.
تريتاس 2.5 مجم 14 قرص,Tritace 2.5 mg 14 Tablets,54,سانوفى,الأدوية,أمراض القلب و الضغط و الدم,راميبريل,No,,
جينيرا 21 قرص,Gynera 21 Tablets,124,باير,الأدوية,موانع الحمل,الإيثين استراديول+الجستودين,No,منع الحمل,قرص واحد في اليوم
امريزول 500 مجم فيال 100 مل,Amrizole 500 mg Vial 100 ml,47,العامرية,الأدوية,مضادات الطفيليات,ميترونيدازول,No,دواء مضاد للبكتيريا ومضاد للطفيلي يعالج مجموعة متنوعة من الالتهابات البكتيرية والطفيلية ، بما في ذلك داء المشعرات ، والأميبات ، والجيارديا مناسب للبالغين والأطفال فوق سن 12 عامًا,البالغون: 500 مجم مرتين يوميًا لمدة 7 أيام الأطفال فوق سن 12 عامًا: 250 مجم مرتين يوميًا لمدة 7 أيام
كولونا 40 قرص مغلف,Colona 40 Film Coated Tablets,92,راميدا,الأدوية,مضاد للتقلصات,ميبيفرين+سلبيريد,No,,
اورسو بلس 20 كبسولة,Ursoplus 20 Capsules,200,مينا فارم,الأدوية,أدوية تحسين وظائف الكبد و المرارة,حمض الأرسوديوكسيكوليك + سيليمارين,No,يُستخدم أورسوبلوس لعلاج مجموعة متنوعة من حالات الكبد، بما في ذلك: التهاب القنوات المرارية البدئية التهاب الكبد الدهني غير الكحولي التهاب الكبد المزمن C انسداد القنوات الصفراوية الداخلية خلال الحمل سرطان الكبد,
فورتي فيروم 14 كيس,Fortiferrum 1.5 gm 14 Sachets,285,اسبلينديد فارم,فيتامينات & طعام صحي,حديد,N/A,No,فورتيفروم هو مكمل غذائي متوفر في أكياس، يحتوي على الحديد وفيتامين سي.,
بيكتول أقراص استحلاب بطعم الليمون 240 قرص,Pectol Lemon 240 Lozenges,25,بيكتول,الأدوية,التهاب الحلق,N/A,No,,
علبة تحليل,Analysis Tray,6,N/A,الأجهزة والمستلزمات الطبية,اكياس جمع البول,N/A,No,,
سيستان الترا نقط لترطيب العين 10مل,Systane Ultra Lubricant Eye Drops 10 ml,360,نوفارتس,الأدوية,علاج جفاف العين,N/A,No,التخفيف المؤقت من الحرقان والتهيج الناجمين عن جفاف العين. مادة تزييت وإعادة تبليل للعدسات اللاصقة القابلة للإرتداء لمدة طويلة والمتاحفة للرمي المصنوعة من هيدروجيل السيليكون واللينة (المقرص للماء).,1 أو 2 قطرة في العين المصابة (العينان) حسب الحاجة.
بيتاديرم مرهم موضعي 15 جم,Betaderm 0.1% Ointment 15 gm,18,إيبيكو,الأدوية,ملطف موضعي و مضاد للالتهاب,بيتاميثازون,No,علاج مجموعة متنوعة من حالات الجلد، بما في ذلك الإكزيما والصدفية والتهاب الجلد والحساسية والطفح الجلدي. الحد من التهاب الجلد والحكة والاحمرار.,ضع طبقة رقيقة من المرهم على المنطقة المصابة مرة أو مرتين يوميًا.
مافيلور 5 مجم 30 قرص,Mavilor 5 mg 30 Tablets,105,ابيكس فارما,الأدوية,أمراض القلب و الضغط و الدم,نيبيفولول,No,Mavilor هو حاصِر بيتا يستخدم لعلاج ارتفاع ضغط الدم (فرط ضغط الدم). كما أنه يستخدم لعلاجقصور القلب وألم الصدر (الذبحة الصدرية).,الجرعة المعتادة من Mavilor هي 10 مليجرام مرة واحدة يوميًا.
قطن طبي 50 جم,Medical Cotton 50 gm,12,N/A,الأجهزة والمستلزمات الطبية,العناية بالجروح والحروق,N/A,No,,
برونتوجيست 400 مجم 30 لبوسة مهبلية أو شرجية,Prontogest 400 mg 30 Vaginal Or Rectal Pessaries,372,ماركيرل,الأدوية,علاج هرمونى,البروجسترون,No,دعم المرحلة الصفراء من الدورة الشهرية لدى النساء المصابات بنقص الطور الصفراء (LPD) دعم الحمل لدى النساء مع تاريخ من الإجهاض المتكرر أو الولادة قبل الأوان منع الحمل خارج الرحم لدى النساء المعرضات لخطر كبير علاج انقطاع الطمث الثانوي (عدم وجود الحيض) ونزيف الرحم غير الطبيعي,قمع واحد يوميًا يتم إدخاله في المهبل أو المستقيم
ريد جهاز كهربائي سائل قاتل الناموس بدون رائحة,Raid Odorless Liquid Mosquito Killer Electric,163,رايد,العناية اليومية,طارد الحشرات,N/A,No,,
فالجيستريل 21 قرص كسوة سكرية,Valgestril 21 Sugar Coated Tablets,34,أكديما,الأدوية,موانع الحمل,استراديول + نورجيستريل,No,منع الحمل علاج نزيف الحيض الشديد علاج متلازمة ما قبل الحيض (PMS) علاج أعراض ما قبل سن اليأس تقليل خطر هشاشة العظام في النساء ما بعد سن اليأس,
ميوفين 250 مجم /200 مجم 30 كبسولة,Myofen 30 Capsules,54,ايفا فارما,الأدوية,مسكن و باسط للعضلات,كلورزوكسازون + ايبوبروفين,No,تخفيف آلام العضلات والعظام وعدم الراحة الحد من الالتهابات المرتبطة بأمراض العضلات والعظام,اتبع الجرعة الموصى بها كما ينصح مقدم الرعاية الصحية لا تتجاوز الجرعة اليومية القصوى
هيرو أو آر إس محلول لحالات الجفاف المصاحب للإسهال و القيء بنكهة الفراولة 200 مل,Hero ORS Oral Rehydration Solution Strawberry Flavor 200 ml,120,هيرو بيبي,الأدوية,الأدوية المتخصصة,N/A,No,,
سابورتان شراب بنكهة الفواكه الاستوائية 200 مل,Supportan Drink Tropical Fruits Flavour 200 ml,155,N/A,فيتامينات & طعام صحي,بديل الوجبات,N/A,No,,
ليبراكس 30 قرص,Librax 30 Sugar Coated Tablets,48,إيبيكو,الأدوية,مضاد للتقلصات,كلورديازيبوكسيد + بروميد الكليدينيوم,No,علاج اضطرابات المعدة والأمعاء (مثل القرح ومتلازمة الأمعاء العصبية والعدوى البكتيرية في الأمعاء) بالاشتراك مع أدوية أخرى.,
فنجيكان 150 مجم 2 كبسول,Fungican 150 mg 2 Capsules,47,امون,الأدوية,مضاد للفطريات,فلوكونازول,No,عدوى المبيضات المهبلية القلاع الفموي البلعومي القلاع المريئي عدوى المبيضات في الجلد والأظافر وأجزاء أخرى من الجسم التهاب السحايا الناتج عن المكورات النخامية الوقاية من العدوى الفطرية في المرضى الذين يخضعون لعملية زرع نخاع العظم,تختلف الجرعة حسب نوع وشدة العدوى. بالنسبة لعدوى المبيضات المهبلية، الجرعة المعتادة هي كبسولة واحدة 150 مليجرام. بالنسبة لأنواع العدوى الفطرية الأخرى، الجرعة المعتادة هي 150-400 مليجرام يوميًا. يجب الاستمرار في العلاج لمدة أسبوعين على الأقل لمعظم العدوى الفطرية.
إكسفورج اتش سي تي 12.5/160/5 مجم 14 قرص مغلف,Exforge HCT 5/160/12.5 mg 14 Film Coated Tablets,270,نوفارتس,الأدوية,أمراض القلب و الضغط و الدم,أملوديبين+فالسارتان+هيدروكلوروثيازيد,No,علاج ارتفاع ضغط الدم (ارتفاع ضغط الدم) وفشل القلب لدى البالغين.,تناول قرصًا واحدًا عن طريق الفم مرة واحدة يوميًا
ترمومتر زئبقي عريض,Mercuric Thermometer Thick,80,N/A,الأجهزة والمستلزمات الطبية,ترمومتر زئبقي,N/A,No,,
ديفيتون - دي 200 وحدة دولية/نقطة نقط بالفم 10 مل,Diviton-D 200 I.U./Drop Oral Drops 10 ml,60,الإسراء فارماسيوتيكال,العناية بصحة الأطفال,فيتامين د,N/A,No,مكمل فيتامين د يدعم صحة العظام,
بابلز لوف استحمام للأطفال مقاس متوسط,Bubbles Medium Baby Loof,45,بابلز,العناية بالأم والطفل,أدوات الإستحمام للرضيع,N/A,No,,
دايجينورم شراب 120 مل,Digenorm Syrup 120 ml,55,فاروفارما,العناية بصحة الأطفال,مهضم ومضاد للانتفاخات,N/A,No,مهضم و فاتح للشهية,
أوتريفين بيبى سالين نقط للأنف 15 مل,Otrivin Baby Saline Nasal Drops 15 ml,20,جي إس كيه,العناية بصحة الأطفال,مضادات الاحتقان و الجيوب الأنفية,N/A,No,تخفيف احتقان الأنف وجفافه عند الرضع والأطفال,
كابيكسى سيرم للرموش 10 مل,Capixy Hair Fertilizer Eye Lashes Serum 10 ml,550,ماجستيك بيوفارما,العناية بالبشرة و الجسم,العناية بالرموش,N/A,No,,
أوبتيبرد قطرة عين 5 مل,Optipred Eye Drops 5 ml,54,جمجوم فارما,الأدوية,مضاد للالتهابات للعين,بريدنيزولون,No,علاج التهاب العين الناتجة عن المواد الكيميائية أو الحرارة أو الإشعاع أو الحساسية أو الأشياء الخارجية علاج التهاب العين بعد الجراحة علاج التهاب القزحية الأمامي الداخلي (التهاب الطبقة الوسطى من العين),الجرعة الموصى بها هي 1 أو 2 قطرات في العين (العيون) المتأثرة 2 إلى 4 مرات في اليوم. خلال اليومين الأولين من العلاج ، قد يُطلب منك تطبيق القطرات كل ساعة.
كويتابكس 25 مجم 30 قرص,Quitapex 25 mg 30 Tablets,87,ابيكس فارما,الأدوية,علاجات الاكتئاب والفصام,كيتيابين,No,علاج الفصام علاج الهوس المرتبط بالاضطراب ثنائي القطب علاج نوبات الاكتئاب الرئيسية في الاضطراب ثنائي القطب الوقاية من تكرار نوبات الهوس أو الاكتئاب في المرضى الذين يعانون من الاضطراب ثنائي القطب علاج الأرق,الجرعة الأولية الموصى بها للبالغين المصابين بالفصام هي 25 مليجرام مرتين يوميًا. الجرعة الأولية الموصى بها للبالغين المصابين بالاضطراب ثنائي القطب هي 25 مليجرام مرة واحدة يوميًا قبل النوم. قد يضبط طبيبك الجرعة حسب الحاجة، بحد أقصى 800 مليجرام يوميًا.
نيزورال شامبو 60 مل,Nizoral Shampoo 60 ml,68,مينا فارم,الأدوية,عدوى الجلد,كيتوكونازول,No,علاج قشرة الرأس علاج التهاب الجلد الدهني علاج عدوى فطرية معينة (Tinea Versicolor),للبالغين والأطفال الذين تتجاوز أعمارهم 12 عامًا: استخدم مرتين في الأسبوع لمدة 2-4 أسابيع
اوراكيور جل فموي 30 جم,Oracure Oral Gel 30 gm,24,امون,الأدوية,عدوى الفم,كلوريد سيتيلبيريدينيوم+يدوكائين,No,تخفيف الانزعاج والألم في الفم، والذي غالبًا ما يرتبط بحالات مثل تقرحات الفم أو التهاب اللثة أو إجراءات علاج الأسنان. يحتوي على مكونات لتوفير تأثيرات مطهرة ومخدر موضعي.,
أوجمنتين 457 مجم/ 5 مل مسحوق لعمل معلق 70 مل,Augmentin 457 mg/5 ml Suspension 70 ml,137,جي إس كيه,العناية بصحة الأطفال,مضادات حيوية,N/A,No,علاج الالتهابات البكتيرية، مثل: التهابات الأذن التهابات الجيوب الأنفية الالتهاب الرئوي التهابات المسالك البولية التهابات الجلد التهابات الجروح الناتجة عن العقر,
برايفيت سميكة مغلفة ليليه بالاجنحه 24 قطعه,Private Maxi Pocket Night With Wings 24 Pads,120,برايفت,العناية اليومية,فوط صحية,N/A,No,,
الكابرايد 50 مجم 30 قرص,Alkapride 50 mg 30 Tablets,90,يوتوبيا,الأدوية,مهضم ومضاد للانتفاخات,أيتوبريد,No,الكبرايد هو دواء يصرف بوصفة طبية يستخدم لعلاج مجموعة متنوعة من أمراض الجهاز الهضمي ، بما في ذلك خزل المعدة ومتلازمة القولون العصبي (IBS) وعسر الهضم الوظيفي. وهو يعمل عن طريق زيادة حركة الطعام من خلال المعدة والأمعاء.,الجرعة المعتادة للبالغين هي 150 مليجرام يوميا ، مقسمة إلى ثلاث جرعات.
إفيكسور اكس أر 150 مجم 14 كبسولة,Efexor -XR 150 mg 14 Capsules,230,فايزر,الأدوية,علاجات الاكتئاب والفصام,فينلافاكسين,No,اضطراب الاكتئاب الكبير اضطراب القلق العام اضطراب القلق الاجتماعي اضطراب الهلع اضطراب الوسواس القهري الألم العصبي الهبات الساخنة,الجرعة البداية الموصى بها للبالغين هي 75 مليجرام مرة واحدة يوميًا. قد يزيد طبيبك تدريجياً من جرعتك تبعاً لاستجابتك للعلاج. الجرعة القصوى الموصى بها هي 375 مليجرام مرة واحدة يوميًا.
أوتريفين نقط للأنف للأطفال 15 مل,Otrivin Nasal Drops Solution For Children 15 ml,24,جي إس كيه,العناية بصحة الأطفال,مضادات الاحتقان و الجيوب الأنفية,N/A,No,تخفيف احتقان الأنف الناتج عن نزلات البرد أو الحساسية أو التهاب الجيوب الأنفية عند الأطفال.,
أيفيبرونت شراب 100 مل,Ivypront Syrup 100 ml,57,تاج فارما,الأدوية,أدوية الكحة,N/A,No,يُستخدم لعلاج الحالات التمثائلية المرتبطة بالبلغم الكثيف، مثل التهاب الشعب الهوائية والربو. يساعد في تخفيف البلغم وجعله أسهل في السعال. يحسن التمثائل ويقلل من السعال.,انظر لطريقة الاستعمال.
ستربسلز أقراص استحلاب عسل و ليمون 24 قطعة,Strepsils Honey & Lemon 24 Lozenges,200,ريكيت بنكيزر,الأدوية,التهاب الحلق,أميل ميتاكريسول + كحول ثنائي كلوروبنزيل,No,أقراص إستحلاب للحلق ذات تأثير مبرد يخفف من آلام الحلق و الشعور بعدم الراحة.,للبالغين والأطفال بعمر 12 سنة فما فوق: قم بإذابة قرص واحد في الفم كل 2 إلى 3 ساعات. لا تتجاوز 6 أقراص استحلاب خلال 24 ساعة.
"فيت شرائح شمعية لازاله الشغر للبشرة الحساسة, 12 قطعة",Veet Hair Removal Wax Stripes For Sensitive Skin 12 Stripes,114,فيت,العناية اليومية,ازالة الشعر للنساء,N/A,No,,
رواكول 45 كبسولة,Rowachol 45 Capsules,93,امون,الأدوية,أدوية تحسين وظائف الكبد و المرارة,N/A,No,زيادة إنتاج الصفراء تخفيف تشنج القنوات الصفراوية تعزيز مرور حصوات المرارة تحسين وظائف الكبد,
هيرو بيبي نيوتراسينس (اش ام أو) (2) لبن أطفال - 400جم,Hero Baby Nutrasense 2 (Hmo) Milk 400gm,420,هيرو بيبي,العناية بالأم والطفل,حليب اطفال المرحلة الثانية,N/A,No,,
لوبريستيرا قطرة عين 15 مل,Lubristira Ophthalmic Solution 15 ml,83,تالنت فارما,الأدوية,علاج جفاف العين,N/A,No,تم تصميم محلول Lubristira Ophthalmic لتوفير الراحة من جفاف العين والانزعاج المرتبط بجفاف العين.,
أتوموكس إبيكس 4 مجم/مل محلول فموي 100 مل,Atomoxapex 4 mg/ml Oral Solution 100 ml,120,ابيكس فارما,العناية بصحة الأطفال,أدوية فرط الحركة وتشتت الانتباه,N/A,No,يستخدم لعلاج اضطراب نقص الانتباه وفرط النشاط (ADHD) لدى الأطفال والمراهقين والبالغين.,
سيدرال اكتيف 15 استيك قابلة للذوبان,Sideral Active 15 Orodispersible Sticks,200,الإسراء فارماسيوتيكال,فيتامينات & طعام صحي,حديد,N/A,No,,
سايميثيكون نقط بالفم 30 مل,Simethicone Drops 30 ml,27,شركة المهن الطبية,العناية بصحة الأطفال,علاج المغص و التقلصات,N/A,No,تستخدم قطرات سيميثيكون بشكل شائع لتخفيف الأعراض المرتبطة بالغازات والانتفاخ الناتج عن زيادة الغازات في الجهاز الهضمي.,
إنتيروجيرمينا 4 بليون 5 مل 10 زجاجات صغيرة,Enterogermina 4 Billions/5 ml Oral Suspension 10 Mini Bottles,260,سانوفى,الأدوية,علاج الاسهال,N/A,No,بروبيوتيك يحتوي على باسيلوس كلاوزي ، وهي بكتيريا حية موجودة بشكل طبيعي في الأمعاء. عادة ما يتم استخدامه لعلاج الإسهال، ولكنه يمكن أيضًا استخدامه لمنع الإسهال الناتج عن المضادات الحيوية. كما يمكن استخدامه لتحسين صحة الأمعاء بشكل عام.,
ديبروساليك لوشن 30 مل,Diprosalic Lotion 30 ml,43,ممفيس,الأدوية,ملطف موضعي و مضاد للالتهاب,بيتاميثازون + حمض الساليسيليك,No,علاج مشاكل الجلد التي تشمل طبقة من القشور التي تغطي الجلد المصاب، مثل الأكزيما الحزازية المزمنة، والحزاز المسطح، والحزاز البسيط، والصدفية اللوحية المزمنة.,ضع طبقة رقيقة من اللوشن على المنطقة المصابة مرة أو مرتين يوميًا ، أو حسب توجيهات طبيبك.
بيبرا 20 مجم 28 قرص ذات كسوة معوية,Bepra 20 mg 28 Enteric Coated Tablets,206,جلوبال نابى,الأدوية,مضادات الحموضة و قرحة المعدة,رابيبرازول,No,,
كوإنزيم كيو 10 - 30 مجم 20 كبسولة,Coenzyme Q10 (30 mg) 20 Capsules,60,ميباكو فارما,فيتامينات & طعام صحي,كو انزيم كيو 10,N/A,No,دعم صحة القلب وإنتاج الطاقة في الجسم.,
دوستينكس 0.5 مجم 2 قرص,Dostinex 0.5 mg 2 Tablets,172,فايزر,الأدوية,مثبطات البرولاكتين,كابيرجولين,No,علاج المستويات العالية من البرولاكتين في الدم (فرط برولاكتين الدم). علاج ضخامة الأطراف (حالة ينتج فيها الجسم الكثير من هرمون النمو). علاج ورم برولاكتيني (ورم حميد في الغدة النخامية ينتج البرولاكتين).,الجرعة الأولية المعتادة من كابيرجولين لفرط برولاكتين الدم هي 0.5 مليجرام مرة أو مرتين أسبوعياً. يمكن زيادة جرعة كابيرجولين تدريجياً حتى يتم التحكم في مستويات البرولاكتين لديك. الجرعة الأولية المعتادة من كابيرجولين لضخامة الأطراف هي 0.5 مليجرام مرة واحدة في الأسبوع. يمكن زيادة جرعة كابيرجولين تدريجياً حتى يتم التحكم في مستويات هرمون النمو لديك.
فلاجيل 125 مجم/5 مل للأطفال شراب 100 مل,Flagyl 125 mg/5 ml Pediatric Suspension 100 ml,26,سانوفى,العناية بصحة الأطفال,مضادات الطفيليات,ميترونيدازول,No,دواء مضاد حيوي يستخدم لعلاج مجموعة متنوعة من الالتهابات البكتيرية ، بما في ذلك التهابات المسالك البولية ، والتهاب المهبل البكتيري ، والجيارديا.,
اكرتين 0.025 كريم 30 جرام,Acretin 0.025 Cream 30 gm,38,جمجوم فارما,الأدوية,علاجات حب الشباب,تريتينوين,No,كريم موضعي يُستخدم لعلاج حب الشباب قد يسبب تهيج البشرة,
كوين ماكينة حلاقة شفرتين برأس ثابت 2 قطعة,Queen Fixed Head Twin Blade Razor 2 Pieces,59,لورد,العناية اليومية,ازالة الشعر للنساء,N/A,No,,
فافرين 100 مجم 30 قرص,Faverin 100 mg 30 Tablets,261,أبوت,الأدوية,علاجات الاكتئاب والفصام,فلوفوكسامين,No,الاكتئاب (نوبة اكتئابية رئيسية). اضطراب الوسواس القهري.,الجرعة الموصى بها من Faverin للبالغين هي 100 مليجرام يوميًا. بالنسبة لبعض المرضى، يُمكن زيادة الجرعة تدريجيًا حتى 300 مليجرام يوميًا كحد أقصى. يمكن وصف Faverin للأطفال الذين تبلغ أعمارهم 8 سنوات وما فوق لعلاج اضطراب الوسواس القهري. الجرعة الابتدائية هي 25 مليجرام يوميًا، ويمكن زيادة الجرعة تدريجيًا حسب الحاجة.
انيماكس انيميا 120 مل,Enemax Enema 120 ml,40,امون,الأدوية,الملينات,N/A,No,دواء بوصفة طبية يستخدم لتخفيف الإمساك.,
نوتوسيل شراب معلق 120 مل,Notussil 120 ml Suspension,71,كيميفارم,الأدوية,أدوية الكحة,كلوبراستين,No,علاج السعال الجاف المصاحب لالتهابات الجهاز التمثائلي، مثل التهاب الشعب الهوائية والالتهاب الرئوي تخفيف أعراض السعال وتهيج الحلق,1 ملعقة صغيرة (5 مل) 3-4 مرات يومياً للبالغين والأطفال فوق 10 سنوات؛ نصف ملعقة صغيرة (2.5 مل) 3-4 مرات يومياً للأطفال من عمر 6-10 سنوات.
الفيرينسبازم 24 كبسولة,Alverinspasm 24 Capsules,74,العامرية,الأدوية,مضاد للتقلصات,سيترات الألفيرين + سيميثيكون,No,علاج أعراض متلازمة القولون العصبي (IBS),كبسولة واحدة 3 مرات يوميا بعد الأكل.
بوبروفيوتال 150 مجم 30 قرص مغلف ممتد المفعول,Buprofutal 150 mg 30 Sustained Release Film Coated Tablets,152,اف بى اى,الأدوية,علاجات الاكتئاب والفصام,بوبروبيون,No,,
ميوكو اس ار 20 كبسولة,Muco S.R 20 Capsules,64,ستادا,الأدوية,أدوية الكحة,أمبروكسول,No,علاج اضطرابات الجهاز التمثائلي المرتبطة بالإفراط في إنتاج المخاط إذابة المخاط وتسهيل عملية السعال,كبسولة واحدة 3 مرات يوميًا للبالغين والأطفال فوق 12 عامًا نصف كبسولة 3 مرات يومياً للأطفال من عمر 6 إلى 12 سنة.
جليبتس 50 مجم/1000 مجم 30 قرص,Gliptus Plus 50/1000 mg 30 Tablets,192,ايفا فارما,الأدوية,أدوية مرض السكري,فيلداجليبتين + ميتفورمين,No,مرض السكري من النوع 2,الجرعة الأولية المعتادة هي قرص واحد يوميًا. قد يضبط طبيبك الجرعة حسب الحاجة.
فيروترون 30 كبسولة,Ferrotron 30 Capsules,180,نيرهادو,فيتامينات & طعام صحي,حديد,N/A,No,,
برايفت أمومة فوط صحية لما بعد الولادة فائقة الامتصاص 20 فوطة,Private Maternity Extra Absorbent 20 Pads,126,برايفت,العناية بالأم والطفل,حفاضات الولادة,N/A,No,,
ديجستن 20 قرص,Digestin 20 Tablets,42,فاركو,الأدوية,مهضم ومضاد للانتفاخات,N/A,No,هو دواء إنزيم هضمي يستخدم لعلاجعسر الهضم والانتفاخ ومشاكل الجهاز الهضمي الأخرى. يحتوي على مزيج من الإنزيمات التي تساعد على تكسير الطعام.,
ديامونركتا 5 مجم 30 قرص مغلفة,Diamonrecta 5 mg 30 Film Coated Tablets,187.5,ايفا فارما,الصحة الجنسية,علاج ضعف الانتصاب لدى الرجال,N/A,No,علاج ضعف الانتصاب (ED) في الرجال.,عادةً ما يُتناول قرص واحد عند الحاجة، تقريباً قبل 30 دقيقة من النشاط الجنسي. تجنب تناول أكثر من جرعة واحدة خلال فترة 24 ساعة.
برايم روز بلاس 1000 مجم 30 كبسولة,Primrose Plus 1000 mg 30 Capsules,195,ايما فارم,الأدوية,روتين العناية وقت الحيض,N/A,No,لتحسين صحة الجلد والتقليل من حب الشباب تخفيف أعراض متلازمة ما قبل الدورة الشهرية تقليل الهبات الساخنة والأعراض الأخرى لانقطاع الطمث تحسين صحة القلب تقليل الالتهاب,كبسولة واحدة يوميًا
سانتورين 20 كبسولة جيلاتينية صلبة,Santorin 20 Hard Gelatin Capsules,190,هايجنت,فيتامينات & طعام صحي,منتجات ادارة الوزن,N/A,No,,
جافيسكون سائل مضاعف القوة معلق للشرب 150 مل,Gaviscon Double Action Liquid Oral Suspension 150 ml,144,جي إس كيه,الأدوية,مضادات الحموضة و قرحة المعدة,بيكربونات البوتاسيوم + الجلوتينات الصوديوم,No,تخفيف أعراض حرقة المعدة وعسر الهضم.,
إبيسيفين 1 جم 1 فيال للحقن الوريدي,Epicephin 1 gm I.V. 1 Vial,60,إيبيكو,الأدوية,مضادات حيوية,سيفترياكسون,No,مضاد حيوي من فئة السيفالوسبورين. يستخدم لعلاج مجموعة متنوعة من العدوى بما في ذلك التهاب السحايا البكتيري، والالتهاب الوسيط الحاد للأذن، والالتهاب الرئوي، والعدوى الجنسية، والعدوى في المسالك البولية، والعدوى في القدم السكرية.,1 جرام حقن وريدي.
رواتينكس 45 كبسولات جيلاتينية,Rowatinex 45 Soft Gelatin Capsules,93,امون,الأدوية,حصوات الكلى,N/A,No,مكمل غذائي يستخدم للمساعدة في إذابة وإخراج حصوات الكلى والمسالك البولية.,
جلوكوز 5% محلول للتنقيط الوريدي بغطاء 500 مل,Glucose 5% Intravenous Infusion With Cap 500 ml,29.5,فيبكو,الأدوية,الأدوية المتخصصة,N/A,No,- محلول الجلوكوز (5٪) هو محلول نظيف وغير حارث للجراثيم لإدارة الوريدية. - تحتوي كل زجاجة على 500 مل من محلول الجلوكوز مع الغطاء الموفر من Fibco.,- تعتمد الجرعة المناسبة على حالة المريض ويجب تحديدها بواسطة متخصص في المجال الصحي. - يجب مراقبة جرعة الحقن ومعدل التسريب بعناية أثناء الحقن.
هيرو بيبي نيوتراسينس (اش ام أو) (1) لبن أطفال - 400جم,Hero Baby Nutrasense 1 Hmo Milk 400gm,420,هيرو بيبي,العناية بالأم والطفل,حليب اطفال المرحلة الاولى,N/A,No,,
صوديوم بايكارب 1000 مجم 30 كبسولة جيلاتينية صلبة,Sodium Bicarb 1000 mg 30 Hard Gelatin Capsules,110,بيوميد فارما,الأدوية,مضادات الحموضة و قرحة المعدة,N/A,No,,
سايميثيكون نقط بالفم 30 مل,Simethicone Oral Drops 30 ml,24,العامرية,العناية بصحة الأطفال,علاج المغص و التقلصات,N/A,No,تخفيف الغازات والانتفاخ المرتبط بعسر الهضم ومغص الرضع والارتجاع المعدي المريئي.,
فوستيمون 150 وحدة دولية للحقن العضلي أو تحت الجلد 1 فيال,Fostimon 150 I.U I.M/S.C 1 Vial,1128,ماركيرل,الأدوية,أدوية الخصوبة,يوروفوليتروبين,Yes,تحفيز التبويض عند النساء المصابات بانقطاع التبويض أو قلة التبويض تحفيز نمو الجريبات عند النساء الخاضعات لتلقيح الأنابيب (IVF) علاج العقم عند الرجال المصابين بقصور الغدد التناسلية تحت المهاد,تختلف جرعة Fostimon حسب حالة الفرد والغرض من العلاج
ميكوناز جل عن طريق الفم 20 جرام,Miconaz Oral Gel 20 gm,23,شركة المهن الطبية,الأدوية,عدوى الفم,ميكونازول,No,علاج الالتهابات الفطرية في الفم والحلق والمريء، مثل القلاع (المبيضات). منع الالتهابات الفطرية لدى الأشخاص ذوي المناعة الضعيفة، مثل المصابين بفيروس نقص المناعة البشرية/الإيدز أو السرطان.,ضع كمية صغيرة من الجل على المنطقة المصابة 3-4 مرات يوميًا.
اتاكاند 8 مجم 14 قرص,Atacand 8 mg 14 Tablets,83,أسترازينيكا,الأدوية,أمراض القلب و الضغط و الدم,كانديسارتان سيليكسيتيل,No,Atacand هو دواء وصفة طبية يستخدم لعلاج ارتفاع ضغط الدم (ارتفاع ضغط الدم) وفشل القلب. ينتمي إلى فئة من الأدوية تسمى مضادات مستقبلات أنجيوتنسين الثاني (ARBs).,الجرعة المعتادة من Atacand للبالغين هي قرص واحد مرة واحدة يوميا. يمكن زيادة الجرعة اعتمادًا على استجابتك للدواء.
خرطوم شفط بالبوز,Suction Device,70,N/A,الأجهزة والمستلزمات الطبية,قساطر,N/A,No,,
فيوسيكورت كريم 20 جم,Fucicort Cream 20 gm,70,مينا فارم,الأدوية,عدوى الجلد,بيتاميثازون + حمض الفوسيديك,No,كريم كورتيكوستيرويد موضعي ومضاد حيوي. يعالج الإكزيما أو التهاب الجلد الذي يصاب بالعدوى البكتيرية الحساسة لحمض الفيوسيدك. يخفف من علامات الالتهاب الجلدية ، مثل: الانتفاخ والاحمرار والحكة.,ضع طبقة رقيقة على المنطقة المصابة مرتين يومياً.
أتور 40 مجم 10 أقراص مغلفة,Ator 40 mg 10 Film Coated Tablets,106,إيبيكو,الأدوية,أمراض القلب و الضغط و الدم,أتورفاستاتين,No,,
غطاء قاعدة تواليت,Toilet Base Cover,15,N/A,الأجهزة والمستلزمات الطبية,غطاء المرحاض,N/A,No,,
بيتولفكس - 1 ملجم لكل 1 ميلي- 2 أمبولة,Betolvex 1 mg/ml 2 Ampoule,64,مينا فارم,فيتامينات & طعام صحي,فيتامين ب وب مركب,N/A,No,علاج نقص فيتامين B12 علاج فقر الدم دعم وظائف الجهاز العصبي,
ليثيومود 400 مجم 30 قرص,Lithiomod 400 mg 30 Tablets,162,N/A,الأدوية,علاجات الاكتئاب والفصام,كربونات الليثيوم,No,,
ريد قاتل الحشرات الطائرة بدون رائحة بخاخ 300 مل,Raid Flying Insect Killer Odorless Spray 300 ml,100,رايد,العناية اليومية,طارد الحشرات,N/A,No,,
وان تو ثري إكسترا 20 قرص مغلف,One Two Three Extra 20 Film Coated Tablets,50,الحكمة,الأدوية,أدوية نزلات البرد والانفلونزا,باراسيتامول + سودوإيفيدرين هيدروكلورايد + كلورفينيرامين ماليات,No,,
ثرومبيكس دي إن ايه جل 40 جم,Thrombexx DNA Gel 40 gm,77,مينا فارم,الأدوية,مضادات الالتهاب و التورم,هيرودين,No,علاج الكدمات علاج التهاب الوريد الخثاري (التهاب الوريد مع جلطة دموية) منع تجلط الشرايين الودائية (جلطات الدم في الشرايين الودائية ، وهي أنابيب تربط بين وعاءين دمويين),ضع طبقة رقيقة من الجل على المنطقة المصابة وادلك برفق حتى تمتصه. كرر 2-3 مرات يوميًا.
آلو إيفا بلسم مقوي للشعر بالصبار وزيت الأرجان المغربي 230 مل,Aloe Eva Strengthening Hair Conditioner With Aloe Vera And Moroccan Argan Oil 230 ml,80,إيفا مستحضرات التجميل,العناية بالشعر,بلسم للشعر الجاف,N/A,No,ضعه على الشعر المبلل بعد الشامبو. اتركه لمدة 3-5 دقائق، ثم اشطفه جيدًا.,
كروماكس 60 كبسولة,Chromax 60 Capsules,177,ايفا فارما,فيتامينات & طعام صحي,منتجات ادارة الوزن,N/A,No,مكمل غذائي يجمع بين بيكولينات الكروم ومستخلص فاكهة جاركينيا كامبوجيا.,
ليمتلس سي زنك اورجينال - 30 قرص استحلاب,Limitless C-Zinc Original 30 Lozenges Tablets,100,ليمتلس,فيتامينات & طعام صحي,فيتامين ج,N/A,No,,
نورميفرن بخاخ انف 20مل,Normifrin Nasal Spray 20 ml,26,شركة المهن الطبية,الأدوية,مضادات الاحتقان و الجيوب الأنفية,أوكسيمودازولين,No,هو مزيل احتقان يساعد على تخفيف احتقان الأنف الناتج عن نزلات البرد الشائعة والحساسية أو التهابات الجيوب الأنفية.,الجرعة الموصى بها لرذاذ الأنف نورميفرين هي رشتان في كل فتحة من الأنف، مرتين في اليوم.
ميرالجو 20 كبسولة,Meralgo 20 Capsules,425,كوباد ايجيبت,فيتامينات & طعام صحي,الجلوكوزامين ، كوندرويتين & ام اس ام,N/A,No,صحة المفاصل وحركتها تقليل الالتهاب دعم صحة الغضاريف,
ديوركس واقي ذكري بنكهة الفراولة 3 قطع,Durex Strawberry Flavoured Condom 3 Pieces,75,ديوركس,الصحة الجنسية,الواقي الذكرى,N/A,No,تم تصميم واقيات الديوركس الفراولة لتوفير حماية لكلي الشريكين أثناء الجماع الجنسي مع إضافة نكهة فاكهية لتعزيز الإحساس.,
اترابكس 100مجم 15 كبسولة,Itrapex 100 mg 15 Capsules,141,ابيكس فارما,الأدوية,مضاد للفطريات,إيتراكونازول,No,مضاد فطري يعالج مجموعة متنوعة من العدوى الفطرية، بما في ذلك عدوى الخميرة المهبلية والقراد وقدم الرياضي مناسب للبالغين والأطفال الذين تزيد أعمارهم عن 12 عامًا,البالغين: 100 مجم مرة واحدة يومياً الأطفال فوق 12 عامًا: 50 مجم مرة واحدة يوميًا
سليبيز 3 مجم 20 قرص,Sleepez 3 mg 30 Tablets,81,كيميفارم,الأدوية,مضادات القلق واضطراب النوم,زاليبلون,No,يستخدم لعلاج الأرق على المدى القصير، حيث يساعد الأفراد على النوم بشكل أسرع والحفاظ على مدة نوم أطول.,
اليكويس 2.5 مجم 20 قرص مغلف,Eliquis 2.5 mg 20 Film Coated Tablets,532,فايزر,الأدوية,أمراض القلب و الضغط و الدم,أبيكسابان,No,هو دواء بوصفة طبية ينتمي إلى مجموعة الأدوية المضادة للتجلط. يتم استخدام إليكويس لمنع تكون الجلطات الدموية في الأشخاص التالية: بعد جراحة استبدال الورك أو الركبة. منع الخفقان غير الصمامي في الأذين (حالة قلبية يمكن أن تزيد من خطر السكتة الدماغية). لتقليل خطر تكون الجلطات الدموية المتكررة لدى الأشخاص الذين سبق لهم أن تعرضوا لجلطة دموية.,الجرعة الموصى بها لإليكويس هي 2.5 مليجرام عن طريق الفم مرتين يوميًا. يجب تناول الجرعة الأولى بعد 12 إلى 24 ساعة من الجراحة.
أوتال قطرة للأذن 5 مل,Otal Ear Drops 5 ml,19,امون,الأدوية,صحة الأذن,سينكوكايين + ديكساميثازون + فراميسيتين + جراميسيدين,No,تم تصميم قطرات الأذن Otal لمعالجة أمراض الأذن المختلفة، بما في ذلك الالتهاب والألم والالتهابات البكتيرية. يوفر الراحة من الأعراض مثل ألم الأذن والحكة وعدم الراحة.,استخدمه حسب توجيهات أخصائي الرعاية الصحية أو حسب الوصفة الطبية. قد تختلف الجرعة حسب شدة الحالة.
بيرفورما اكسترا سترينث 5% محلول موضعي 60 مل,Performa Extra Strength 60ml,156,الأندلس,العناية بالشعر,علاج تساقط الشعر,N/A,No,,
ليبانثيل سوبرا 160 مجم 30 قرص مغلف,Lipanthyl Supra 160 mg 30 Film Coated Tablets,141,أبوت,الأدوية,أمراض القلب و الضغط و الدم,فينوفيبرات,No,زيادة الكوليسترول في الدم (فرط الكوليسترول) زيادة الجليسريدات في الدم (فرط الجليسريدات) فرط دهون الدم المختلط (ارتفاع الكوليسترول والجليسريدات) الوقاية من أمراض القلب والأوعية الدموية في المرضى ذوي مخاطر عالية,الجرعة الموصى بها هي قرص واحد يوميًا.
موزابرايد 5 مجم 30 قرص,Mosapride 5 mg 30 Tablets,132,ويسترن,الأدوية,مضادات الحموضة و قرحة المعدة,موسابريد,No,عامل محفز للحركة الدودية للأمعاء و المعدة. يزيد من ضغط العضلة السفلية للمريء. يعزز إفراغ المعدة و حركة الأمعاء الدقيقة.,
إيرالونير 25 مجم 20 قرص مغلف,Eraloner 25 mg 20 Film Coated Tablets,136,ابيكس فارما,الأدوية,أمراض القلب و الضغط و الدم,إبليرينون,No,دواء بوصفة طبية يُستخدم لعلاج القصور القلبي.,تناول قرص واحد عن طريق الفم مرة واحدة يوميًا.
قطن طبي 100 جم,Medical Cotton 100 Gm,23,N/A,الأجهزة والمستلزمات الطبية,العناية بالجروح والحروق,N/A,No,,
كوليروز 10 مجم 21 قرص مغلف,Cholerose 10 mg 21 Film Coated Tablets,102,ماركيرل,الأدوية,أمراض القلب و الضغط و الدم,روزوفاستاتين,No,كوليروز هو دواء لخفض الكوليسترول. إنه نوع من الستاتين ، الذي يعمل عن طريق منع إنتاج الكوليسترول في الكبد.,الجرعة الابتدائية العادية هي 10 مليجرام مرة واحدة يوميًا. قد يقوم طبيبك بضبط الجرعة بناءً على استجابتك للدواء.
جابتين 100 مجم 30 كبسولة ,Gaptin 100 mg 30 Capsules,81,دلتا فارما,الأدوية,أدوية الصرع,غابابنتين,No,النوبات الجزئية في البالغين والأطفال الذين تبلغ أعمارهم 3 سنوات وما فوق ألم الأعصاب الناتج عن الحزام الناري (ألم العصب البوستهربيتيك) في البالغين,الجرعة الابتدائية عادة ما تكون ما بين 300 مليجرام إلى 900 مليجرام يوميًا، مقسمة إلى 3 جرعات. قد يقوم طبيبك بضبط الجرعة استنادًا إلى استجابتك للدواء.
ابياو 4000 وحدة دولية 1 فيال,Epiao 4000 I.U. 1 Vial,155,N/A,الأدوية,أمراض القلب و الضغط و الدم,إريثروبويتين ألفا,Yes,دواء يساعد نخاع العظم على إنتاج المزيد من خلايا الدم الحمراء.,تختلف حسب الاحتياجات الفردية.
انسولين مكستارد 30/70 وحدة دولية 5 خراطيش,Insulin Mixtard Penfill 30/70 IU 5 Ampoules,338,نوفو نورديسك,الأدوية,الانسولين,الأنسولين البشري + الأنسولين الإيزوفان البروتامين البشري,Yes,هو محلول واضح وعديم اللون.,
كيه دي إل سرنجات إنسولين معقمة للاستخدام مرة واحدة 1 مل (100 وحدة) 10 سرنجات,KDL Sterile Syringes For Insulin For Single Use 1 ml (100 U) 10 Syringes,80,N/A,الأجهزة والمستلزمات الطبية,كانيولا و سرنجات,N/A,No,,
إكساميد 10 مجم 30 قرص,Examide 10 mg 30 Tablets,117,ابيكس فارما,الأدوية,أمراض القلب و الضغط و الدم,تورسيميد,No,مدر للبول ، مما يعني أنه يساعد الجسم على التخلص من الماء الزائد والملح. يستخدم لعلاج ارتفاع ضغط الدم وذمة (احتباس السوائل) الناتج عن قصور القلب أو مرض الكبد أو مرض الكلى.,يتم تحديد الجرعة من قبل طبيبك.
وايت مناديل مبللة مضادة للبكتريا باللافندر 50 منديل,White Tissue Antibacterial Lavender 50 Wipes,33,وايت,العناية اليومية,مناديل & ورقيات,N/A,No,,
إبيكوبريد 20 مجم 20 قرص قابل للانتشار في الفم,Epicopred 20 mg 20 Tablets,104,إيبيكو,الأدوية,هرمون الكورتيزون,بريدنيزولون,No,تعامل مع مجموعة متنوعة من الحالات الالتهابية ، بما في ذلك الحساسية والربو والتهاب المفاصل وأمراض الأمعاء الالتهابية. قمع الجهاز المناعي من أجل منع رفض الأعضاء بعد الزرع. علاج أنواع معينة من السرطان ، مثل سرطان الدم والورم الليمفاوية.,تختلف جرعة Epicopred 20mg 20tablets prednisolone اعتمادًا على حالة الفرد والاستجابة للعلاج. من المهم اتباع تعليمات طبيبك بعناية.
نوفورابيد فليكسبن 100 وحدة دولية/مل 5 أقلام مملوءة مسبقًا,Novorapid Flexpen 100 I.U/ml 5 Prefilled Pens,1260,نوفو نورديسك,الأدوية,الانسولين,الأنسولين الأسبارت,Yes,,
موكوفيلين شراب 125 مل,Mucophylline Syrup 125 ml,50,مصر,الأدوية,أدوية الكحة,أسيفيلين بيبرازين + برومهيكسين,No,علاج احتقان الصدر والسعال الصدري المصاحب لالتهابات الجهاز التنفسي، مثل التهاب الشعب الهوائية والالتهاب الرئوي إذابة المخاط وتسهيل عملية السعال تخفيف التشنج القصبي (تضييق الشعب الهوائية),
هيستازين1 10 مجم 20 قرص,Histazine-1 10 mg 20 Tablets,68,العامرية,الأدوية,أدوية لا تسبب النعاس,سيتيريزين,No,علاج حمى القش وحالات الحساسية الأخرى (مثل العطس أو سيلان أو حكة الأنف) علاج الطفح الجلدي المزمن (الارتيكاريا مجهول السبب),البالغين والأطفال أكبر من 6 سنوات: 10 مجم مرة واحدة يومياً الأطفال من عمر 2 – 6 سنوات: 5 ملجم مرتين يومياً
5-فلورويوراسيل 250 مجم/5 مل محلول مركز للحقن الوريدي أو التسريب 1 فيال,5-Fluorouracil 250 mg/5 ml Concentrate for solution for IV injection or infusion 1 Vial,74,ابيوى فارما,الأدوية,ادوية الاورام,فلوروراسيل,Yes,,
فورسيجا 10 مجم 28 قرص,Forxiga 10 mg 28 Tablets,602,أسترازينيكا,الأدوية,أدوية مرض السكري,داباجليفلوزين,No,التحكم في نسبة السكر في الدم لدى البالغين المصابين بداء السكري من النوع الثاني تقليل مخاطر الأحداث القلبية الوعائية الضارة الكبرى (MACE) لدى البالغين المصابين بداء السكري من النوع الثاني وأمراض القلب والأوعية الدموية علاج قصور القلب المزمن المصحوب بأعراض لدى البالغين الذين يعانون من انخفاض الكسر القذفي (HFrEF)، بغض النظر عن حالة مرض السكري علاج مرض الكلى المزمن (CKD) لدى البالغين الذين يعانون من HFrEF أو بيلة الألبومين,البالغين المصابين بداء السكري من النوع الثاني: الجرعة المبدئية الموصى بها هي 5 مليجرام مرة واحدة يوميًا. يمكن زيادة الجرعة إلى 10 مليجرام مرة واحدة يوميًا إذا لزم الأمر. البالغين الذين يعانون من HFrEF: الجرعة الموصى بها هي 10 مليجرام مرة واحدة يوميًا. البالغين الذين يعانون من مرض الكلى المزمن: الجرعة الموصى بها هي 5 مليجرام مرة واحدة يومياً.
لاكتو 1 تركيبة حليب للرضع من 0-6 أشهر 400 جرام,Lacto 1 Infant Formula 0-6 Months 400 gm,250,N/A,العناية بالأم والطفل,حليب اطفال المرحلة الاولى,N/A,No,,
سيلونا 1000 مجم 20 كيس,Selona 1000 mg 20 Sachets,55,N/A,فيتامينات & طعام صحي,فيتامين ج,N/A,No,,
سيجنال معجون اسنان مكافح التسوس 120 مل,Signal Cavity Fighter Toothpaste 120 ml,58,سيجنال,العناية اليومية,معجون اسنان,N/A,No,,
تجريتول سي ار 400 مجم 20 قرص مغلف,Tegretol CR 400 mg 20 Film Coated Divitabs,106,نوفارتس,الأدوية,أدوية الصرع,كاربامازيبين,No,منع والسيطرة على النوبات تخفيف أنواع معينة من آلام الأعصاب (مثل عصب الوجه الثلاثي) علاج الاضطراب ثنائي القطب,تختلف جرعة Tegretol CR حسب حالتك وكيفية استجابتك للعلاج. سيبدأك طبيبك بجرعة منخفضة ويزيدها تدريجيًا حسب الحاجة. الجرعة العلاجية المعتادة للبالغين هي 600 إلى 800 مليجرام يوميًا. الحد الأقصى الموصى به للجرعة هو 1.2 جرام يوميًا.
أورلي 120 مجم 30 كبسولة,Orly 120 mg 30 Capsules,240,ايفا فارما,فيتامينات & طعام صحي,منتجات ادارة الوزن,N/A,No,,
سولوفريش 0.2 % قطرة للعين 10 مل,Solofresh 0.2% Eye Drops 10 ml,67,اوركيديا,الأدوية,مضاد للالتهابات للعين,N/A,No,تخفيف جفاف العين والتهيج. علاج جفاف العين الناتج عن استخدام عدسات اللاصقة.,قطرة واحدة في كل عين حسب الحاجة.
ديكساترول نقط للعين 5 مل,Dexatrol Eye Drops 5 ml,27,إيبيكو,الأدوية,مضاد للالتهابات للعين,ديكساميثازون + نيومايسين سلفات + بوليميكسين ب سلفات,No,علاج العدوى والالتهابات في العيون، بما في ذلك التهاب الملتحمة، التهاب الجفون، والتهاب القرنية. منع العدوى بعد إصابة العين أو إجراء عملية جراحية في العين.,ضع 1-2 قطرة على العين المصابة مرة إلى مرتين يوميًا، أو بشكل أكثر تكرارًا إذا كان ذلك ضروريًا.
حياة سيباكلار كريم مرطب 50 مل,Hayah Sebaclar Hydra Cream 50 ml,286,حياة,العناية بالبشرة و الجسم,مرطبات البشرة,N/A,No,,
موتينورم 5 مجم/5 مل شراب معلق 125 مل,Motinorm 5 mg/5 ml Oral Suspension 125 ml,31,جي إس كيه,العناية بصحة الأطفال,مضادات القيء و الغثيان,N/A,No,علاج الغثيان والقيء، وتخفيف الأعراض المصاحبة لاضطرابات الجهاز الهضمي مثل عسر الهضم وحرقة المعدة,
إسترافودوز 2 مجم 28 قرص مغلف,Estravodose 2 mg 28 Film Coated Tablets,53,تكنوفارم,الأدوية,موانع الحمل,استراديول,No,,
كيتولاك 10 مجم 20 قرص,Ketolac 10 mg 20 Tablets,38,العامرية,الأدوية,مسكنات وخافض الحرارة,كيتورولاك تروميثامين,No,يُستخدم هذا الدواء كمسكن ل الألم. مُضاد للالتهاب,تناول جرعة واحدة عن طريق الفم كل 4 إلى 6 ساعات حسب الحاجة. لا تتجاوز 4 أقراص في الفترة الزمنية 24 ساعة.
نورفاسك 10 مجم 15 قرص,Norvasc 10 mg 15 Tablets,96,فايزر,الأدوية,أمراض القلب و الضغط و الدم,أملوديبين,No,مثبط لقنوات الكالسيوم. يستخدم لعلاج ارتفاع ضغط الدم والوقاية من الذبحة الصدرية (ألم الصدر المرتبط بالقلب).,تناول قرص واحد عن طريق الفم مرة واحدة يوميًا.
ديرموفيت 0.05% مرهم 25 جرام,Dermovate 0.05 % Ointment 25 gm,44,جي إس كيه,الأدوية,ملطف موضعي و مضاد للالتهاب,بروبيونات كلوبيتاسول,No,هو مستحضر كورتيكوستيرويدي موضعي يستخدم لعلاجمجموعة متنوعة من حالات الجلد، بما في ذلك الصدفية والأكزيما والتهاب الجلد.,تختلف جرعة مرهم ديرموفايت وفقًا لشدة حالة الجلد المعالجة. من المهم اتباع طريقة الاستعمال : الموجودة على العبوة أو وفقًا لتوجيهات الطبيب.
دايجستوزيم 20 قرص معوي مغلف,Digestozyme 20 Enteric Coated Tablets,75,فاروفارما,الأدوية,مضاد للتقلصات,N/A,No,تحسين عملية الهضم وتخفيف أعراض الجهاز الهضمي مثل الانتفاخ والغازات وعسر الهضم. علاج نقص إفرازات البنكرياس، وهي حالة لا ينتج فيها البنكرياس ما يكفي من الإنزيمات الهاضمة.,
بي اي ايه 600 مجم 20 كبسولة جيلاتينية صلبة,Pea 600 mg 20 Hard Gelatin Capsules,210,N/A,الأدوية,مسكنات وخافض الحرارة,بالميتويل إيثانولاميد,No,,
أبتاميل 1 تركيبة حليب للرضع مدعم بالحديد 400 جرام,Aptamil 1 Infant Milk Formula With Iron 400 gm,419,ابتاميل,العناية بالأم والطفل,حليب اطفال المرحلة الاولى,N/A,No,,
ون كريم لإزالة الشعر للبشرة الحساسة 80 جرام,One Hair Removal Cream For Sensitive Skin 80 gm,36,وان,العناية اليومية,ازالة الشعر للنساء,N/A,No,,
فينتال مركب بخاخ 200 جرعة,Vental Compositum Inhaler 200 Puffs,80,أدكو,الأدوية,أدوية الربو,بيكلوميثازون + سالبوتامول,No,هو مزيج من دوائين: بيكلوميثازون والسالبوتامول. يستخدم لعلاج الربو وغيرها من حالات الرئة التي تسبب التهابًا وانضغاطًا للمسالك التنفسية. يمكن أيضًا استخدامه لمنع نوبات الربو.,
بيبيراسيلين تازوباكتام كابي 4 جرام/0.5 جرام بودرة لعمل محلول للتسريب الوريدي 1 فيال,Piperacillin Tazobactam Kabi 4 gm/0.5 gm Powder For Solution For Infusion 1 Vial,257,N/A,الأدوية,مضادات حيوية,بايبراسيلين + تازوباكتام,No,,
"إيفا فوت بودرة قدم, بالصبار, 50 جم",Eva Foot Powder Deodorant With Aloe Vera 50 gm,40,إيفا مستحضرات التجميل,العناية بالبشرة و الجسم,بودرة القدمين,N/A,No,,
ون كريم لإزالة الشعر للبشرة الحساسة 40 جرام,One Hair Removal Cream For Sensitive Skin 40 gm,24,وان,العناية اليومية,ازالة الشعر للنساء,N/A,No,,
لولا ويست 3 جرام 6 أكياس,Lolawest 6 Sachets,96,ويسترن,الأدوية,أدوية تحسين وظائف الكبد و المرارة,أورنيثين أسبارتات,No,IT هو ملح ثابت للأحماض الأمينية الأرنيثين والأسبارتيك.,الجرعة الموصى بها هي كيس واحد ١-٢ مرة يوميًا بعد الوجبات.
ريالتريس بخاخ للأنف 120 بخة معايرة,Ryaltris Nasal Spray 120 Metered Sprays,230,N/A,الأدوية,أدوية الربو,أولوباتادين + موميتازون فيوروات,No,علاج أعراض التهاب الأنف التحسسي الموسمي (حمى القش) والتهاب الأنف التحسسي الدائم (الحساسية على مدار السنة) لدى البالغين والأطفال الذين تتراوح أعمارهم بين 12 عامًا فما فوق.,
هيرو بيبي اف اي اتش لبن 400 جرام,Hero Baby Feh Milk 400 gm,699,هيرو بيبي,العناية بالأم والطفل,الألبان ذات التركيبة الخاصة,N/A,No,,
لوسيدريل 500 مجم 20 قرص,Lucidril 500 mg 20 Tablets,150,مينا فارم,الأدوية,منبهات الجهاز العصبي,ميكلوفينوكسات,No,عامل عصبي محفز يعمل على المستوى المركزي ويحسن الوظائف الإدراكية والذاكرة. كما يساعد في تخفيف أعراض الخرف.,
ميكونازهـ ايميجيل موضعي 20 جم,Miconaz Cream 20 gm,15,شركة المهن الطبية,الأدوية,عدوى الجلد,ميكونازول,No,علاج الالتهابات الفطرية للجلد ، مثل قدم الرياضي ، حكة جوك ، دودة ، ودقة المبيضات.,ضع طبقة رقيقة من الكريمة على المنطقة المصابة والبشرة المحيطة مرة أو مرتين يوميًا.
أماريل 3 مجم 30 قرص,Amaryl 3 mg 30 Tablets,87,سانوفى,الأدوية,أدوية مرض السكري,جليمبيريد,No,تُستخدم لعلاج مرض السكري من النوع الثاني(مرض السكري غير الرئوي) عندما لا يكون النظام الغذائي والتمارين وتقليل الوزن وحدها كافية.,1-8 مليجرام يوميًا، تُؤخذ مرة واحدة يوميًا مع الوجبة الرئيسية الأولى.
موفينتور ادفانس 20 كبسولة جيلاتينية صلبة,Moventor Advance 20 Hard Gelatin Capsules,530,كوباد فارما,الأدوية,صحة العظام و المفاصل,N/A,No,,
اسبوسيد 75 مجم للأطفال 30 قرص مضغ,Aspocid 75 mg Infant 30 Chewable Tablets,35,سيد,الأدوية,أمراض القلب و الضغط و الدم,حمض الأسيتيل ساليسيليك,No,تقليل الحمى تخفيف الألم الخفيف إلى المعتدل علاج الالتهاب والتورم,قرص واحد كل 4-6 ساعات حسب الحاجة
برايفيت سميكة مغلفة ليليه بالاجنحه 16 قطعة,Private Maxi Pocket Night With Wings 16 Pads,82,برايفت,العناية اليومية,فوط صحية,N/A,No,,
هيرو بيبي نيوتراسينس (اش ام أو) (3) لبن أطفال - 400جم,Hero Baby Nutrasense 3 Hmo Milk 400gm,420,هيرو بيبي,العناية بالأم والطفل,حليب اطفال المرحلة الثالثة,N/A,No,,
بيسكالدين 300 مجم 15 كبسولة,Piascledine 300 mg 15 Capsules,450,كوباد فارما,الأدوية,هشاشة العظام,N/A,No,إنه مكمل غذائي يستخدم للمساعدة في تخفيف أعراض التهاب المفاصل الناتج عن التآكل.,
جانيومت 50 مجم/1000 مجم 56 قرص مغلف,Janumet 50 mg/1000 mg 56 Film Coated Tablets,674,ميرك,الأدوية,أدوية مرض السكري,سيتاجليبتين + ميتفورمين,No,مرض السكري من النوع 2 عند البالغين خفض مستويات السكر في الدم,الجرعة الأولية المعتادة هي قرص واحد مرتين يوميًا ، مع الوجبات. قد يضبط طبيبك الجرعة بناءً على مستويات السكر في الدم لديك.
جونسون زيت للأطفال 75 مل,Johnson's Baby Oil 75 ml,70,جونسون,العناية بالأم والطفل,العناية بالبشرة للرضع,N/A,No,,
